"pm","pm.low","pm.high","lag","df.date","df.tmmx","df.rmax","cause","mobility"
"-0.265544387212746","-1.12526234794852","0.601648839597679","0","3","1","1","cases",1
"-0.00604401910002661","-0.761834589494148","0.755502596701962","0","4","1","1","cases",1
"-0.120165231438296","-0.893864556415835","0.65957419027789","0","5","2","2","cases",1
"1.69622490163337","0.942085530487624","2.45599845586661","0","6","2","2","cases",1
"1.43617960548479","0.683161449270164","2.19482965024389","0","7","2","2","cases",1
"1.45036320170282","0.689133557797228","2.21734789136443","0","8","2","2","cases",1
"1.4001453856721","0.639433275993051","2.16660755668374","0","9","3","3","cases",1
"1.32200430034994","0.563346694180433","2.08638527773095","0","10","3","3","cases",1
"1.48272861651411","0.72314787652199","2.24803756211465","0","11","3","3","cases",1
"1.52643620620401","0.758473832552808","2.3002518464333","0","12","3","3","cases",1
"0.187548599357967","-0.63276909760881","1.01463835908475","1","3","1","1","cases",1
"0.609969500853236","-0.110326562365837","1.33545955861483","1","4","1","1","cases",1
"0.471138285171802","-0.266539311571734","1.21427210726821","1","5","2","2","cases",1
"2.2673033307743","1.55122441097457","2.9884316138127","1","6","2","2","cases",1
"1.9895936124102","1.27328636097861","2.71096731420484","1","7","2","2","cases",1
"2.02291813129751","1.30139319641946","2.74958216856327","1","8","2","2","cases",1
"2.00437213110884","1.28161614565463","2.73228577729547","1","9","3","3","cases",1
"1.91986448600114","1.19922734807443","2.6456332627572","1","10","3","3","cases",1
"2.06868260973665","1.34829917208314","2.79418653092549","1","11","3","3","cases",1
"2.13304513460542","1.4031391761226","2.86820500053682","1","12","3","3","cases",1
"-0.3568784137714","-1.21092513944232","0.504551677020193","2","3","1","1","cases",1
"0.1186383520414","-0.633879610150589","0.876855271596333","2","4","1","1","cases",1
"-0.0375313050000492","-0.808013552706788","0.738935729535695","2","5","2","2","cases",1
"1.8326274257447","1.08555389081555","2.5852222131685","2","6","2","2","cases",1
"1.54095654099466","0.792965669099677","2.29449829970727","2","7","2","2","cases",1
"1.57262380934806","0.821657124677122","2.32918404383329","2","8","2","2","cases",1
"1.55905676210855","0.805984454917685","2.31775490493726","2","9","3","3","cases",1
"1.47643138075144","0.725532425926878","2.23292821355965","2","10","3","3","cases",1
"1.61584043709275","0.866182271760474","2.37107021574667","2","11","3","3","cases",1
"1.67667343717013","0.91669655207498","2.44237350668977","2","12","3","3","cases",1
"-0.636807868934175","-1.51439758802145","0.248601914164359","3","3","1","1","cases",1
"-0.096824531388584","-0.869730196479679","0.682107377435259","3","4","1","1","cases",1
"-0.24206606333057","-1.03260161903836","0.554784162410593","3","5","2","2","cases",1
"1.70519974482841","0.938672081993053","2.47754841408054","3","6","2","2","cases",1
"1.40656968564348","0.63829417790251","2.18071022975668","3","7","2","2","cases",1
"1.4450375175759","0.676339018236338","2.21960529452976","3","8","2","2","cases",1
"1.39797785525371","0.624912906124475","2.17698198383971","3","9","3","3","cases",1
"1.32037652860193","0.549562669320247","2.0970994539192","3","10","3","3","cases",1
"1.44864154821016","0.679928852323353","2.22322352922215","3","11","3","3","cases",1
"1.51443853932056","0.73511598611844","2.29979020795064","3","12","3","3","cases",1
"-0.555405365711525","-1.43360260099622","0.330616345301338","4","3","1","1","cases",1
"-0.0568919517896505","-0.831200203022564","0.723462084701865","4","4","1","1","cases",1
"-0.176364342690571","-0.967345198569236","0.620934133528772","4","5","2","2","cases",1
"1.75087803051326","0.98630852774424","2.52123610534798","4","6","2","2","cases",1
"1.45106980615333","0.682487670032716","2.22551908474959","4","7","2","2","cases",1
"1.49919755184771","0.733062326055567","2.27115969454921","4","8","2","2","cases",1
"1.4017871501504","0.629517173260652","2.17998382662055","4","9","3","3","cases",1
"1.33161019758108","0.561257191053599","2.1078645200949","4","10","3","3","cases",1
"1.44105795152449","0.67351165352354","2.21445610976057","4","11","3","3","cases",1
"1.50517287805934","0.727288045594721","2.28906506785802","4","12","3","3","cases",1
"-0.752914289858697","-1.66051853591171","0.163066505014675","5","3","1","1","cases",1
"-0.0847035314049394","-0.875259705305842","0.712157618047304","5","4","1","1","cases",1
"-0.265714476999934","-1.07370501724416","0.548875407869875","5","5","2","2","cases",1
"1.62185341407786","0.839387020953253","2.41039137977404","5","6","2","2","cases",1
"1.30426961495103","0.515038097449416","2.09969807969563","5","7","2","2","cases",1
"1.36007769504174","0.575509010139097","2.15076663752385","5","8","2","2","cases",1
"1.21562907355657","0.423438023507927","2.01406932869246","5","9","3","3","cases",1
"1.14882347034015","0.358046660233446","1.94583125030141","5","10","3","3","cases",1
"1.24135348763301","0.453969538286225","2.03490915410096","5","11","3","3","cases",1
"1.29615908110847","0.498826168953381","2.09981783603248","5","12","3","3","cases",1
"-0.638200568034941","-1.55088572474764","0.282945753629971","6","3","1","1","cases",1
"0.285283444644469","-0.497653704049472","1.07438115740168","6","4","1","1","cases",1
"0.0639422916722809","-0.736424323514384","0.870762298390915","6","5","2","2","cases",1
"1.89152484285253","1.11548299897972","2.67352265830931","6","6","2","2","cases",1
"1.58777988215324","0.803539367543538","2.37812170221923","6","7","2","2","cases",1
"1.64187622221026","0.863874206252446","2.42587926818598","6","8","2","2","cases",1
"1.49225544761118","0.706553354188322","2.2840875073475","6","9","3","3","cases",1
"1.42910409416745","0.644080334007668","2.22025103913823","6","10","3","3","cases",1
"1.4983751285282","0.71736230277557","2.28544431854656","6","11","3","3","cases",1
"1.5754809856406","0.785724002867827","2.37142650451814","6","12","3","3","cases",1
"-0.642896082513456","-1.55102395579229","0.273608680676896","7","3","1","1","cases",1
"0.403911190678818","-0.371924144397817","1.18578820087549","7","4","1","1","cases",1
"0.151969450855205","-0.641728643708706","0.952007799297472","7","5","2","2","cases",1
"1.92251148446023","1.15288535419109","2.69799334863472","7","6","2","2","cases",1
"1.64144283413774","0.861708617336343","2.42720496239521","7","7","2","2","cases",1
"1.6925895903501","0.920830609366496","2.47025034524038","7","8","2","2","cases",1
"1.53721377649565","0.756606690841433","2.32386857894173","7","9","3","3","cases",1
"1.4834196878807","0.702424125935019","2.2704722447108","7","10","3","3","cases",1
"1.52688384683011","0.750284776689969","2.30946906497052","7","11","3","3","cases",1
"1.61881456241342","0.834990868519747","2.40873117680835","7","12","3","3","cases",1
"-1.40248844585625","-2.34601900386924","-0.449841516909666","8","3","1","1","cases",1
"-0.368853393412372","-1.18248568902326","0.451478094311164","8","4","1","1","cases",1
"-0.670917915069036","-1.50275281212254","0.167942044265001","8","5","2","2","cases",1
"1.08198745691057","0.272660114174705","1.89784709615632","8","6","2","2","cases",1
"0.77271465833586","-0.0519825673424124","1.60421667646038","8","7","2","2","cases",1
"0.852730004026769","0.0393136381298564","1.67276023161711","8","8","2","2","cases",1
"0.661825312546882","-0.162276831409414","1.49272993879264","8","9","3","3","cases",1
"0.611942230042883","-0.212659068391818","1.44335769242898","8","10","3","3","cases",1
"0.651723481198396","-0.168370914734894","1.47855476827934","8","11","3","3","cases",1
"0.720584494531629","-0.106413716457099","1.55442925159428","8","12","3","3","cases",1
"-0.774219553706912","-1.67255703775872","0.132325305732084","9","3","1","1","cases",1
"0.15832740086128","-0.622013055977577","0.944795283373612","9","4","1","1","cases",1
"-0.0916364096374855","-0.888470396271956","0.711603939655236","9","5","2","2","cases",1
"1.61025583152443","0.83658563239859","2.38986202673011","9","6","2","2","cases",1
"1.36823695505204","0.578755779905316","2.16391507030884","9","7","2","2","cases",1
"1.43501046389303","0.657500147992107","2.21852651498948","9","8","2","2","cases",1
"1.2412113685969","0.454112639730231","2.03447733534667","9","9","3","3","cases",1
"1.20404935664933","0.41544549405319","1.99884645026727","9","10","3","3","cases",1
"1.22354542392413","0.439982449959619","2.0132212119214","9","11","3","3","cases",1
"1.31065411940827","0.521969225342578","2.10552695295545","9","12","3","3","cases",1
"-0.0801221691119958","-0.935184159936164","0.782320151468507","10","3","1","1","cases",1
"0.945886275236663","0.208686443297257","1.68850942536833","10","4","1","1","cases",1
"0.723016488531947","-0.0285734243175462","1.48025688989046","10","5","2","2","cases",1
"2.32289777858201","1.59248909699414","3.05855780155229","10","6","2","2","cases",1
"2.14756101851492","1.40239135338691","2.89820666722098","10","7","2","2","cases",1
"2.18853194837472","1.45455837501327","2.92781545768208","10","8","2","2","cases",1
"2.00817795613002","1.26682240873093","2.75496082942508","10","9","3","3","cases",1
"1.98864420326672","1.24420226243331","2.73855997658523","10","10","3","3","cases",1
"1.97907656170966","1.23946009996869","2.72409637615458","10","11","3","3","cases",1
"2.07602375336267","1.33358142521434","2.82390574527174","10","12","3","3","cases",1
"-0.121280815444558","-0.984084957343445","0.749041622750024","11","3","1","1","cases",1
"1.1789161188493","0.449550879430016","1.9135772868996","11","4","1","1","cases",1
"0.906089710293534","0.16219896495846","1.65550522891347","11","5","2","2","cases",1
"2.39980175530892","1.67696889956279","3.12777331004459","11","6","2","2","cases",1
"2.26944593395841","1.53187132246178","3.01237862957622","11","7","2","2","cases",1
"2.30297837586573","1.57637825833565","3.03477603774467","11","8","2","2","cases",1
"2.12411653167699","1.39322700189062","2.86027465307002","11","9","3","3","cases",1
"2.11635322757848","1.38157700186592","2.85645483999186","11","10","3","3","cases",1
"2.08868579868813","1.35776951445086","2.82487290347644","11","11","3","3","cases",1
"2.18069374991725","1.44885272278654","2.91781419889074","11","12","3","3","cases",1
"-1.28938653329393","-2.237416087808","-0.332163686210596","12","3","1","1","cases",1
"0.535118448659055","-0.252674341282388","1.32913313453389","12","4","1","1","cases",1
"0.0999020533929862","-0.706849250736397","0.913208166809842","12","5","2","2","cases",1
"1.56283825249812","0.775902497830039","2.35591900678045","12","6","2","2","cases",1
"1.41159984360304","0.607125997821978","2.22250641631201","12","7","2","2","cases",1
"1.47023784508316","0.678084464364059","2.26862403189829","12","8","2","2","cases",1
"1.2819412958134","0.485485430047516","2.08470993345276","12","9","3","3","cases",1
"1.26573834380592","0.465514555670232","2.07233604157551","12","10","3","3","cases",1
"1.23494003314251","0.437644029121675","2.03856514737069","12","11","3","3","cases",1
"1.32738867169606","0.530545766414603","2.13054765345813","12","12","3","3","cases",1
"-2.11310892805483","-3.11731547089116","-1.09849360282795","13","3","1","1","cases",1
"0.352991367429634","-0.466922026798444","1.17965887785429","13","4","1","1","cases",1
"-0.202895854983698","-1.04316547376997","0.644508723561898","13","5","2","2","cases",1
"1.23471053759825","0.413321372944142","2.06281873266176","13","6","2","2","cases",1
"1.09802950180211","0.25852438810483","1.94456413084709","13","7","2","2","cases",1
"1.15863115957537","0.331232076047216","1.99285353460765","13","8","2","2","cases",1
"0.990769701294947","0.159631011383432","1.82880529682492","13","9","3","3","cases",1
"0.974670254996646","0.139080677842318","1.81723223430128","13","10","3","3","cases",1
"0.929940324642842","0.0964500387636402","1.77037097710235","13","11","3","3","cases",1
"1.04185250662852","0.210993619209399","1.87960012417463","13","12","3","3","cases",1
"-2.75869987203173","-3.78938908437968","-1.71696904751294","14","3","1","1","cases",1
"0.30807982546881","-0.519989617301442","1.14304210027045","14","4","1","1","cases",1
"-0.346476502140802","-1.19531695884584","0.509656423896265","14","5","2","2","cases",1
"1.03521825015527","0.205159611693584","1.87215275554791","14","6","2","2","cases",1
"0.93392275334494","0.086155612789951","1.78887079839369","14","7","2","2","cases",1
"0.988048492507265","0.151345182786544","1.83174194726516","14","8","2","2","cases",1
"0.821517805591609","-0.0208188599055581","1.67095125913956","14","9","3","3","cases",1
"0.806693364804367","-0.041180533233498","1.66175912595956","14","10","3","3","cases",1
"0.742526455767423","-0.104571452608249","1.59680762444647","14","11","3","3","cases",1
"0.876236425996146","0.0338742911539569","1.72569189768295","14","12","3","3","cases",1
"-2.83805410206232","-3.85406030701128","-1.8113114207547","15","3","1","1","cases",1
"0.247514496560819","-0.577010803541556","1.07887767164567","15","4","1","1","cases",1
"-0.450983381920522","-1.2950638070707","0.400315241139526","15","5","2","2","cases",1
"0.826125124797961","-0.000435033582879552","1.6595173298547","15","6","2","2","cases",1
"0.745503806762327","-0.0997043589341606","1.5978628706496","15","7","2","2","cases",1
"0.810705284787772","-0.0238220581617155","1.65219864604749","15","8","2","2","cases",1
"0.632776313269168","-0.210243849314007","1.48291827895055","15","9","3","3","cases",1
"0.63347283603834","-0.214563216340924","1.48871600369733","15","10","3","3","cases",1
"0.553503021783874","-0.295163938343734","1.40939365969543","15","11","3","3","cases",1
"0.692111346207946","-0.150790590952521","1.54212884972968","15","12","3","3","cases",1
"-2.96524931852737","-3.97625350741645","-1.9436005806878","16","3","1","1","cases",1
"0.167445607241801","-0.660966333329349","1.00276587294912","16","4","1","1","cases",1
"-0.56040422071526","-1.40655077338504","0.293004112470485","16","5","2","2","cases",1
"0.665254891481548","-0.164582141180691","1.50198957144718","16","6","2","2","cases",1
"0.608214639552562","-0.241175126696724","1.46483647751006","16","7","2","2","cases",1
"0.67718170954254","-0.162538949524793","1.52396515624336","16","8","2","2","cases",1
"0.497918426846566","-0.350665477624312","1.35372861783885","16","9","3","3","cases",1
"0.494247043688212","-0.359715415361983","1.35552834856976","16","10","3","3","cases",1
"0.401891731334447","-0.453753454093142","1.26489157561407","16","11","3","3","cases",1
"0.542467483474396","-0.306691872854481","1.39885973864058","16","12","3","3","cases",1
"-1.79467452731177","-2.73853320242302","-0.841656323479478","17","3","1","1","cases",1
"1.15145309920133","0.382317449337877","1.92648191494222","17","4","1","1","cases",1
"0.492788901148833","-0.29275578242991","1.28452250765629","17","5","2","2","cases",1
"1.60945730140905","0.839283967736937","2.38551293551568","17","6","2","2","cases",1
"1.63041929398102","0.843513976906896","2.42346501566442","17","7","2","2","cases",1
"1.68011221176019","0.900269108094687","2.46598260625168","17","8","2","2","cases",1
"1.51842130337503","0.732776310587635","2.31019377598871","17","9","3","3","cases",1
"1.53734780954624","0.745553230503027","2.3353653794342","17","10","3","3","cases",1
"1.435878923985","0.640058511302577","2.2379923589352","17","11","3","3","cases",1
"1.55489287824744","0.766434978305974","2.34952015254568","17","12","3","3","cases",1
"-1.87979730822563","-2.83396643681656","-0.916258251764124","18","3","1","1","cases",1
"1.03612667737503","0.25956871017403","1.818699454775","18","4","1","1","cases",1
"0.388454358314361","-0.405115635756081","1.18834750180665","18","5","2","2","cases",1
"1.43685237940134","0.658248587605259","2.22147876619692","18","6","2","2","cases",1
"1.46692558005113","0.671133981902639","2.26900780236003","18","7","2","2","cases",1
"1.5301716385945","0.740131179919934","2.32640787961551","18","8","2","2","cases",1
"1.37455761026033","0.579891102845487","2.17550265756108","18","9","3","3","cases",1
"1.38590271351775","0.585634408934532","2.19253802431498","18","10","3","3","cases",1
"1.27443698069765","0.468291374469954","2.08705100327391","18","11","3","3","cases",1
"1.38272230054424","0.583700342000348","2.18809157071083","18","12","3","3","cases",1
"-2.70625071552193","-3.71779896608847","-1.68407506080138","19","3","1","1","cases",1
"0.258329459020201","-0.57870609513424","1.10241208017003","19","4","1","1","cases",1
"-0.408496423602178","-1.26014895831472","0.450501798107372","19","5","2","2","cases",1
"0.611393852757902","-0.227168076499074","1.45700365362122","19","6","2","2","cases",1
"0.618660028704676","-0.240127091697584","1.48484005465772","19","7","2","2","cases",1
"0.707983388660205","-0.146158499123494","1.56943153881199","19","8","2","2","cases",1
"0.514004200324991","-0.345913564294442","1.38134221822612","19","9","3","3","cases",1
"0.515207646493043","-0.349377125551109","1.38729369456025","19","10","3","3","cases",1
"0.381142577071025","-0.490673360297289","1.26059662288922","19","11","3","3","cases",1
"0.491984002119628","-0.372757439736904","1.36423119985223","19","12","3","3","cases",1
"-2.32242571124339","-3.31737580418582","-1.31723669796051","20","3","1","1","cases",1
"0.584892042488483","-0.242780456064651","1.41943163064169","20","4","1","1","cases",1
"-0.041342756217011","-0.882122774620786","0.806569285784664","20","5","2","2","cases",1
"0.940508625773262","0.112954960701761","1.77490301459369","20","6","2","2","cases",1
"0.995924629471734","0.149020241115561","1.84999081572956","20","7","2","2","cases",1
"1.08855204539589","0.243062315158649","1.9411729712234","20","8","2","2","cases",1
"0.906693229208178","0.0593739249889147","1.76118777323897","20","9","3","3","cases",1
"0.904702531342361","0.0537397489227764","1.76290280092513","20","10","3","3","cases",1
"0.76872224831348","-0.0904866983736041","1.63532028128148","20","11","3","3","cases",1
"0.873787355868183","0.0214985546453494","1.73333855778672","20","12","3","3","cases",1
"-2.63193905415506","-3.63532420114018","-1.61810628468957","21","3","1","1","cases",1
"0.484379855412986","-0.347083566574247","1.32278067017151","21","4","1","1","cases",1
"-0.12830731495731","-0.972752296211654","0.723338586679056","21","5","2","2","cases",1
"0.792912359811959","-0.0385206152130446","1.63126080663885","21","6","2","2","cases",1
"0.87075616171155","0.0211539112773051","1.7275751253681","21","7","2","2","cases",1
"0.972801684210234","0.121797798027545","1.83103883657698","21","8","2","2","cases",1
"0.79340127437959","-0.0567778180807665","1.65081251799015","21","9","3","3","cases",1
"0.785407596811671","-0.0676446442078316","1.64574174491041","21","10","3","3","cases",1
"0.634852513577888","-0.228379661505718","1.50555344365988","21","11","3","3","cases",1
"0.73236818261464","-0.124625563849345","1.5967154762931","21","12","3","3","cases",1
"0.635391800889717","-0.711084022907593","2.00012743874813","0","3","1","1","deaths",1
"1.47214562263311","0.213962645774912","2.74612504503107","0","4","1","1","deaths",1
"-0.0620473527689458","-1.45866175711117","1.35436109769846","0","5","2","2","deaths",1
"0.689028477921227","-0.713946840943902","2.111828733751","0","6","2","2","deaths",1
"0.537859991661538","-0.840165047591412","1.9350354561821","0","7","2","2","deaths",1
"0.947327325746117","-0.432153061215756","2.34591996828564","0","8","2","2","deaths",1
"1.09392915990847","-0.293470091994108","2.50063383429397","0","9","3","3","deaths",1
"1.07662253310987","-0.310958827841468","2.48351777260414","0","10","3","3","deaths",1
"1.1937477735753","-0.191771284463815","2.59850034657501","0","11","3","3","deaths",1
"1.16208874212491","-0.237711421885045","2.58153000025061","0","12","3","3","deaths",1
"0.63041275449407","-0.648533619292935","1.92582293990471","1","3","1","1","deaths",1
"1.50878152808478","0.315300585619682","2.71646166799744","1","4","1","1","deaths",1
"0.208142536070155","-1.11490503037774","1.5488920106127","1","5","2","2","deaths",1
"0.913054873704833","-0.416187402572477","2.26003984312633","1","6","2","2","deaths",1
"0.73507155690351","-0.57317059717068","2.06052734983131","1","7","2","2","deaths",1
"1.10614389123553","-0.200398528844603","2.42979112005544","1","8","2","2","deaths",1
"1.28773986355772","-0.0286306018277394","2.62144360358545","1","9","3","3","deaths",1
"1.23724641949072","-0.0797689368719823","2.57162091754517","1","10","3","3","deaths",1
"1.34761046079679","0.0353482296851837","2.67708692861248","1","11","3","3","deaths",1
"1.32937072729182","0.000872132994556019","2.67551825281742","1","12","3","3","deaths",1
"0.0851067819786833","-1.20779114730871","1.39492492263669","2","3","1","1","deaths",1
"0.97439296644346","-0.234133004127457","2.19755856342694","2","4","1","1","deaths",1
"-0.322780123851985","-1.66340408652738","1.03612058099252","2","5","2","2","deaths",1
"0.308991305466511","-1.04071360173811","1.67710482698957","2","6","2","2","deaths",1
"0.0818942670816947","-1.2505054758008","1.43227171287179","2","7","2","2","deaths",1
"0.434640146924115","-0.893916837790298","1.7810069734294","2","8","2","2","deaths",1
"0.622219958157033","-0.718356961132249","1.98089837558355","2","9","3","3","deaths",1
"0.570335903315455","-0.770645785337964","1.92943956709948","2","10","3","3","deaths",1
"0.665818125980766","-0.668817991573278","2.01838671479171","2","11","3","3","deaths",1
"0.645897556096697","-0.705036703536788","2.01521163393308","2","12","3","3","deaths",1
"0.101335332057517","-1.18499096370708","1.40440640531405","3","3","1","1","deaths",1
"1.0223224456458","-0.180169050198875","2.23929989867773","3","4","1","1","deaths",1
"-0.312329991608917","-1.64994473686568","1.04347704852699","3","5","2","2","deaths",1
"0.277120578671819","-1.07353303397796","1.6462148092605","3","6","2","2","deaths",1
"0.00702917204964404","-1.3302258312184","1.36240776948653","3","7","2","2","deaths",1
"0.337670969301662","-0.995385354674128","1.68867634716001","3","8","2","2","deaths",1
"0.520384864584367","-0.825906211505523","1.88495187940301","3","9","3","3","deaths",1
"0.461267482220484","-0.885900012030372","1.8267457945869","3","10","3","3","deaths",1
"0.543581691388018","-0.796096756104958","1.90135154742432","3","11","3","3","deaths",1
"0.52898673412094","-0.8263822085816","1.90287899997892","3","12","3","3","deaths",1
"0.429815199621486","-0.850891124134112","1.72706437188377","4","3","1","1","deaths",1
"1.40960658193015","0.218940606972073","2.61441844044414","4","4","1","1","deaths",1
"0.045281796417318","-1.28196919090215","1.39037749932627","4","5","2","2","deaths",1
"0.589542916066654","-0.749556013542074","1.94670912952071","4","6","2","2","deaths",1
"0.278757914602834","-1.05230292636314","1.62772440688512","4","7","2","2","deaths",1
"0.562227211519017","-0.764381916719825","1.90657081668375","4","8","2","2","deaths",1
"0.730394833554593","-0.608352159001169","2.08717396008749","4","9","3","3","deaths",1
"0.668425564199682","-0.672492612745046","2.02744609370067","4","10","3","3","deaths",1
"0.733415375572743","-0.599261851823285","2.08395996115454","4","11","3","3","deaths",1
"0.728609973050043","-0.617021353394698","2.09246095532891","4","12","3","3","deaths",1
"0.373859250600517","-0.985220447030921","1.75159371505416","5","3","1","1","deaths",1
"1.51506298673396","0.267621615126012","2.77802392438462","5","4","1","1","deaths",1
"0.15856241934773","-1.22439095239438","1.56087846621635","5","5","2","2","deaths",1
"0.629799750913307","-0.76418379210148","2.04336483406602","5","6","2","2","deaths",1
"0.27038998070279","-1.12270104705878","1.68310839141452","5","7","2","2","deaths",1
"0.513953212458573","-0.874996672991291","1.92236520857212","5","8","2","2","deaths",1
"0.674868807052631","-0.725557172993685","2.09505005209707","5","9","3","3","deaths",1
"0.609554541726753","-0.794901402939163","2.03389350176588","5","10","3","3","deaths",1
"0.657130924990468","-0.738402133539462","2.07228398319106","5","11","3","3","deaths",1
"0.658235252650496","-0.747702301268605","2.08408831937232","5","12","3","3","deaths",1
"0.353697740496073","-1.09996706659073","1.8287289850722","6","3","1","1","deaths",1
"1.75863773340803","0.443531301330635","3.0909628445311","6","4","1","1","deaths",1
"0.441772980487798","-1.00137832753663","1.90596181067839","6","5","2","2","deaths",1
"0.851875628333376","-0.603625388824458","2.32869013121173","6","6","2","2","deaths",1
"0.445077253705528","-1.01629617919318","1.92802607960274","6","7","2","2","deaths",1
"0.648319099778294","-0.809584568163335","2.12765107907185","6","8","2","2","deaths",1
"0.832460039977589","-0.635571883135477","2.32218098971841","6","9","3","3","deaths",1
"0.745801588966666","-0.730452780609736","2.24400958908473","6","10","3","3","deaths",1
"0.783491929373525","-0.681546913397435","2.27014144714117","6","11","3","3","deaths",1
"0.790243616754593","-0.684736481208181","2.28712937364939","6","12","3","3","deaths",1
"0.189768553136194","-1.317176632165","1.71972568432626","7","3","1","1","deaths",1
"1.84332472956008","0.496531340251916","3.2081670247289","7","4","1","1","deaths",1
"0.589263377780358","-0.882244357513051","2.08261719908522","7","5","2","2","deaths",1
"0.921391313176878","-0.56640587225516","2.43144999367402","7","6","2","2","deaths",1
"0.477947039779458","-1.02218195487455","2.00081231055114","7","7","2","2","deaths",1
"0.635987369901336","-0.860114335110596","2.15466646943747","7","8","2","2","deaths",1
"0.846407337021438","-0.659605492885984","2.37525151016138","7","9","3","3","deaths",1
"0.724412904833516","-0.796758960166677","2.26891025616474","7","10","3","3","deaths",1
"0.756950983807592","-0.749335487709168","2.28609774492969","7","11","3","3","deaths",1
"0.765569797766519","-0.750523545071946","2.30482234613736","7","12","3","3","deaths",1
"0.583106226938979","-0.810176219828518","1.99595959240044","8","3","1","1","deaths",1
"2.12916668632945","0.881855182755897","3.39190005128858","8","4","1","1","deaths",1
"1.12158876108841","-0.232381811609439","2.49393439720884","8","5","2","2","deaths",1
"1.38343803331038","0.0135374298833035","2.77210237324248","8","6","2","2","deaths",1
"0.956152479306072","-0.431164258566441","2.36279903776802","8","7","2","2","deaths",1
"1.04814335333201","-0.335507168515914","2.45100321154654","8","8","2","2","deaths",1
"1.25592866003363","-0.133874194073269","2.66507292703402","8","9","3","3","deaths",1
"1.1216393017589","-0.288659432960614","2.55188504059891","8","10","3","3","deaths",1
"1.13616801403933","-0.258793448907069","2.5506391415506","8","11","3","3","deaths",1
"1.15390874291577","-0.247797981002218","2.5753120920722","8","12","3","3","deaths",1
"1.22715564417912","-0.0305803181937625","2.50071544304202","9","3","1","1","deaths",1
"2.57466780985254","1.43502529776327","3.72711443030129","9","4","1","1","deaths",1
"1.74819327282172","0.516924012444764","2.99454480920787","9","5","2","2","deaths",1
"1.98110552263713","0.73302576352634","3.24464895985441","9","6","2","2","deaths",1
"1.59436902478745","0.326148703588358","2.87862088715385","9","7","2","2","deaths",1
"1.62194377768627","0.355611516229293","2.90425518940878","9","8","2","2","deaths",1
"1.83406157459625","0.563590989121732","3.1205826560075","9","9","3","3","deaths",1
"1.71781898955345","0.424986387769466","3.02729502039185","9","10","3","3","deaths",1
"1.71004902921406","0.431317672027287","3.00506170105201","9","11","3","3","deaths",1
"1.73522724107347","0.452874394526326","3.03395023962429","9","12","3","3","deaths",1
"1.72639759407955","0.539273511523097","2.92753872229552","10","3","1","1","deaths",1
"3.06538245294721","1.98735444806477","4.15480544288047","10","4","1","1","deaths",1
"2.31392987175323","1.15429928995538","3.48685443211332","10","5","2","2","deaths",1
"2.52440715324742","1.34675484468962","3.71574381669135","10","6","2","2","deaths",1
"2.18293665301499","0.985551416768926","3.39451928070829","10","7","2","2","deaths",1
"2.17022873401089","0.973639810037552","3.38099784457224","10","8","2","2","deaths",1
"2.38068374036509","1.18086971130944","3.59472529788956","10","9","3","3","deaths",1
"2.28619124351173","1.06286728184048","3.52432303278027","10","10","3","3","deaths",1
"2.26304495811789","1.0523861574951","3.48820806474726","10","11","3","3","deaths",1
"2.28429431858841","1.07188172447696","3.51125046599359","10","12","3","3","deaths",1
"1.33425941516612","0.0838265115591597","2.600315047249","11","3","1","1","deaths",1
"2.86325018697586","1.74092396049261","3.99795703779016","11","4","1","1","deaths",1
"2.11760119306454","0.919311582744342","3.33011898199282","11","5","2","2","deaths",1
"2.27197045673089","1.05656012812179","3.50199856240478","11","6","2","2","deaths",1
"1.92290055144699","0.685728487752435","3.17527431987343","11","7","2","2","deaths",1
"1.89323228338294","0.655379989564175","3.14630759162446","11","8","2","2","deaths",1
"2.08165412807586","0.843630628934133","3.3348764273289","11","9","3","3","deaths",1
"1.98638650426535","0.724619373955582","3.2639596639354","11","10","3","3","deaths",1
"1.96233959527405","0.711805476233018","3.22840154221462","11","11","3","3","deaths",1
"1.98107396186245","0.729597221188638","3.24809920144475","11","12","3","3","deaths",1
"-0.179273785077194","-1.66731545772526","1.33128601600239","12","3","1","1","deaths",1
"1.75131614242983","0.444024552531075","3.07562229649634","12","4","1","1","deaths",1
"0.99299544397744","-0.397029028555862","2.4024186153186","12","5","2","2","deaths",1
"1.06854519250252","-0.340621473630953","2.49763723567833","12","6","2","2","deaths",1
"0.629341423435714","-0.809689738772257","2.08924973261855","12","7","2","2","deaths",1
"0.591252007472853","-0.851503805729625","2.05500203053659","12","8","2","2","deaths",1
"0.777065343254368","-0.662235640194253","2.23722030237181","12","9","3","3","deaths",1
"0.650010825848413","-0.813550186274903","2.1351676390134","12","10","3","3","deaths",1
"0.635873709212564","-0.816960403821998","2.10998895023624","12","11","3","3","deaths",1
"0.659170363282358","-0.79511145357285","2.13477104490141","12","12","3","3","deaths",1
"-0.099067932508401","-1.65059960709953","1.47694025670959","13","3","1","1","deaths",1
"2.09599287011888","0.746314999337039","3.46375210055034","13","4","1","1","deaths",1
"1.53624435155757","0.119678569553394","2.97285273301289","13","5","2","2","deaths",1
"1.59926928544176","0.166713313396727","3.05231326737707","13","6","2","2","deaths",1
"1.19106078574722","-0.270453215803446","2.67399294516188","13","7","2","2","deaths",1
"1.10214303058382","-0.367570659633354","2.59353699443792","13","8","2","2","deaths",1
"1.28834503247897","-0.176034224599297","2.77420617110644","13","9","3","3","deaths",1
"1.16241212447612","-0.328746969412896","2.67588011261175","13","10","3","3","deaths",1
"1.13574908227929","-0.346661079025834","2.64021108760826","13","11","3","3","deaths",1
"1.15515689096235","-0.327673700602982","2.66004763347345","13","12","3","3","deaths",1
"-0.997772332998537","-2.66334815795447","0.696303987671798","14","3","1","1","deaths",1
"1.61767206177064","0.18573414717582","3.070076425094","14","4","1","1","deaths",1
"1.2480525767534","-0.244825165218332","2.76327185595531","14","5","2","2","deaths",1
"1.29555880349252","-0.211615060462478","2.82549656985527","14","6","2","2","deaths",1
"0.874421342354892","-0.663370881721659","2.43601953755632","14","7","2","2","deaths",1
"0.734083109694317","-0.815924029331594","2.30831311017778","14","8","2","2","deaths",1
"0.933472705169036","-0.6103275214005","2.50125247689776","14","9","3","3","deaths",1
"0.783415237661322","-0.792754504340087","2.38462660886216","14","10","3","3","deaths",1
"0.746383719607069","-0.822945981555945","2.34054573440681","14","11","3","3","deaths",1
"0.764969828293105","-0.804083281958834","2.35884177932244","14","12","3","3","deaths",1
"-1.48600034737858","-3.13559836728434","0.191690280145762","15","3","1","1","deaths",1
"1.09096766780012","-0.326508849754792","2.5286024004896","15","4","1","1","deaths",1
"0.891248060346728","-0.583422641478326","2.38779291773619","15","5","2","2","deaths",1
"0.881229439163156","-0.608424440438204","2.39320984562073","15","6","2","2","deaths",1
"0.449930004079602","-1.07432474325764","1.99767059094991","15","7","2","2","deaths",1
"0.248974861000217","-1.29432015700726","1.81639979246753","15","8","2","2","deaths",1
"0.458745917715042","-1.07694064073217","2.01827255168228","15","9","3","3","deaths",1
"0.291020061914704","-1.27973426407963","1.88676691739866","15","10","3","3","deaths",1
"0.243557301214059","-1.32250668918885","1.8344755551349","15","11","3","3","deaths",1
"0.263862951034644","-1.30154962697154","1.85410384731857","15","12","3","3","deaths",1
"-0.931184213240777","-2.44307850695","0.604140753765314","16","3","1","1","deaths",1
"1.36553457251651","0.0514227141782397","2.69690645504412","16","4","1","1","deaths",1
"1.26002898786324","-0.107545979247281","2.6463267034436","16","5","2","2","deaths",1
"1.23146118000679","-0.151123773922079","2.63319047713793","16","6","2","2","deaths",1
"0.852719258960732","-0.563337410296028","2.2889416944281","16","7","2","2","deaths",1
"0.602867329432444","-0.837529311113805","2.06418662819488","16","8","2","2","deaths",1
"0.823606265134025","-0.607130332751638","2.27493797431269","16","9","3","3","deaths",1
"0.672248216392934","-0.792595190659273","2.15872071666967","16","10","3","3","deaths",1
"0.627804173763868","-0.835267681499285","2.11246212323224","16","11","3","3","deaths",1
"0.641154608205907","-0.821029898299952","2.12489593798662","16","12","3","3","deaths",1
"-0.684581221319391","-2.15532626187943","0.808271215501399","17","3","1","1","deaths",1
"1.63229092323101","0.356678492008355","2.92411739321161","17","4","1","1","deaths",1
"1.5409574466714","0.216980973593728","2.88242510421937","17","5","2","2","deaths",1
"1.48365438303846","0.144732582935458","2.84047739013011","17","6","2","2","deaths",1
"1.14251915412671","-0.228646888947859","2.53252924671106","17","7","2","2","deaths",1
"0.862347527262797","-0.536528125614233","2.28089726807721","17","8","2","2","deaths",1
"1.07462163492664","-0.313450000718452","2.48202128288328","17","9","3","3","deaths",1
"0.944960537389461","-0.475296888952281","2.38548560677887","17","10","3","3","deaths",1
"0.903307780666096","-0.517403739489886","2.34430849008105","17","11","3","3","deaths",1
"0.913842397893938","-0.507071815626026","2.35504948286744","17","12","3","3","deaths",1
"-0.443287210486087","-1.9092593754937","1.04459399889101","18","3","1","1","deaths",1
"1.94742064308118","0.686705867583881","3.22392103527394","18","4","1","1","deaths",1
"1.87755372677239","0.572811693119579","3.19922232085164","18","5","2","2","deaths",1
"1.80252000472316","0.483394837006279","3.13896237406253","18","6","2","2","deaths",1
"1.48711161627428","0.1377823317527","2.85462274460815","18","7","2","2","deaths",1
"1.19103718143228","-0.188105753637258","2.58923631466046","18","8","2","2","deaths",1
"1.39469162104511","0.0275438683536411","2.78052515672598","18","9","3","3","deaths",1
"1.28252019672768","-0.113955694759316","2.69851978573485","18","10","3","3","deaths",1
"1.24232784757947","-0.155645243709479","2.65987469212405","18","11","3","3","deaths",1
"1.25194014442485","-0.148884755690371","2.6724174079211","18","12","3","3","deaths",1
"-0.791753167581233","-2.36304972040735","0.804830664803013","19","3","1","1","deaths",1
"1.79086169219451","0.456350285543583","3.14310140262535","19","4","1","1","deaths",1
"1.78711238175644","0.411362175778307","3.1817119349423","19","5","2","2","deaths",1
"1.65701544579648","0.264134343544975","3.06924661552439","19","6","2","2","deaths",1
"1.33410724580652","-0.0913025071171081","2.77985349609937","19","7","2","2","deaths",1
"0.987607985219263","-0.476492714771615","2.47324722337248","19","8","2","2","deaths",1
"1.19294678817661","-0.257823446265293","2.66481877060383","19","9","3","3","deaths",1
"1.0889448287253","-0.388762458140524","2.5885735260619","19","10","3","3","deaths",1
"1.04663244117615","-0.432100768792032","2.54732706564786","19","11","3","3","deaths",1
"1.06014169438946","-0.424732182668597","2.56715812229473","19","12","3","3","deaths",1
"-0.603178975979091","-2.22695280625729","1.04756181019925","20","3","1","1","deaths",1
"2.18171102441409","0.808667876691316","3.57345541603995","20","4","1","1","deaths",1
"2.30348150133395","0.897722692213643","3.72882606300338","20","5","2","2","deaths",1
"2.14384196346367","0.720780171126845","3.58700988346718","20","6","2","2","deaths",1
"1.83189889249444","0.376279939455304","3.30862668257883","20","7","2","2","deaths",1
"1.42738581631501","-0.0779136370265388","2.95536220252202","20","8","2","2","deaths",1
"1.62191308409321","0.131548469220566","3.1344603848348","20","9","3","3","deaths",1
"1.53355725938848","0.0194287895646461","3.07060712609366","20","10","3","3","deaths",1
"1.48113432490622","-0.0368346159144051","3.0221540534489","20","11","3","3","deaths",1
"1.50703689190947","-0.0197345311476971","3.05712322583764","20","12","3","3","deaths",1
"-0.896727380423779","-2.56314971074892","0.798195084858122","21","3","1","1","deaths",1
"2.17257584205512","0.768767832869033","3.59594027699728","21","4","1","1","deaths",1
"2.46204424989869","1.03523094207663","3.90900692736535","21","5","2","2","deaths",1
"2.28199166428087","0.839607353156691","3.74500747681195","21","6","2","2","deaths",1
"1.96258411307579","0.489260224343591","3.45750914879888","21","7","2","2","deaths",1
"1.51562828785683","-0.0153561104042965","3.07005541828695","21","8","2","2","deaths",1
"1.68610556044071","0.173539600962092","3.22151044316079","21","9","3","3","deaths",1
"1.61070644844683","0.0763008720530367","3.16863807898482","21","10","3","3","deaths",1
"1.53811259295471","-0.00567171799950028","3.1057309556966","21","11","3","3","deaths",1
"1.57298295966295","0.0171701712150751","3.15299712701962","21","12","3","3","deaths",1
