"base","base.low","base.high","hazard","hazard.low","hazard.high","lag","df.date","df.tmmx","df.rmax","cause","mobility"
"8.17677208635559","5.75259592302595","10.6565178555144","0.855413649377668","0.131521207416974","1.58453941108834","0","3","1","1","cases",0
"9.82325398597899","7.38428262036104","12.3176206215298","1.81718695977435","1.12063201196009","2.51854002628775","0","4","1","1","cases",0
"9.64734142657662","7.27733294148318","12.0697089708059","1.6831448851359","0.982047708849554","2.38910963206227","0","5","2","2","cases",0
"8.75118064085303","6.35995695889029","11.19616469336","1.49650920099549","0.800145703766453","2.19768342659088","0","6","2","2","cases",0
"8.99570747806262","6.63714684256342","11.4064338778948","1.55560883463333","0.865646844745394","2.25029044475253","0","7","2","2","cases",0
"9.25136866161611","6.90241903644346","11.6519313783477","1.58396132219112","0.894973854100423","2.27765371970547","0","8","2","2","cases",0
"8.78027660775307","6.35711339288429","11.2586474131495","1.59336382420068","0.898838799764334","2.29266952813052","0","9","3","3","cases",0
"8.99853709709082","6.59065337120195","11.4608149359157","1.61231291370991","0.917601576709148","2.31180660615924","0","10","3","3","cases",0
"9.07552483122323","6.67027390947867","11.5350104688312","1.65702702200772","0.965360950669969","2.35343137140178","0","11","3","3","cases",0
"8.5970373301625","6.15188554922645","11.0985118716495","1.659692850147","0.969514685513939","2.35458873478116","0","12","3","3","cases",0
"6.6123437531046","4.00638815087653","9.28359346583416","1.90465499828498","1.25039586593509","2.56314181793034","1","3","1","1","cases",0
"7.97248882868524","5.32183277295","10.6898544862269","2.91385368032859","2.28381901167651","3.54776915522688","1","4","1","1","cases",0
"7.97393621785756","5.39435360709528","10.6166554789052","2.77640736908729","2.14206525303469","3.41468899741821","1","5","2","2","cases",0
"6.81821519696391","4.20813851022346","9.49366585936557","2.52452378027339","1.89124151349858","3.16174207161177","1","6","2","2","cases",0
"6.97751983360853","4.39372754221761","9.62526216071737","2.50669428820696","1.87717025239402","3.1401083075234","1","7","2","2","cases",0
"7.34146751375333","4.77429475336659","9.97154096936486","2.53261849863071","1.90439808287932","3.16471176872593","1","8","2","2","cases",0
"6.85473362075797","4.22913802862348","9.54646956811198","2.5441550688418","1.91112197355972","3.18112032473563","1","9","3","3","cases",0
"7.09071361454401","4.48066808008134","9.76596104536847","2.55498850349258","1.92174347713743","3.19216791371639","1","10","3","3","cases",0
"7.21093300662421","4.6117976195851","9.87464528569537","2.58671475853971","1.95643702808312","3.22088876106197","1","11","3","3","cases",0
"6.55213928448202","3.9053855566572","9.26631305274288","2.56316173213562","1.93358087338382","3.19663112354087","1","12","3","3","cases",0
"8.36122848408742","5.8937889946969","10.8861619746994","1.31022576472253","0.616325273180918","2.00891174103366","2","3","1","1","cases",0
"9.32559786784226","6.77397089678504","11.9382022488876","2.47271341084774","1.80635221677758","3.14343619170785","2","4","1","1","cases",0
"9.58991333195085","7.11774696562613","12.1191347308534","2.27259703683913","1.60162890878872","2.94799617877872","2","5","2","2","cases",0
"8.41138474502938","5.91225305256518","10.9694865664094","1.962539289708","1.29053354791053","2.63900341178238","2","6","2","2","cases",0
"8.45695185912358","5.98487737978459","10.9866869442252","1.89592200588298","1.22616251965204","2.57011293313893","2","7","2","2","cases",0
"8.83124832598594","6.38228413586999","11.3365886848709","1.92565695283684","1.25748701697705","2.59823595588111","2","8","2","2","cases",0
"8.48375481940669","5.98111556414971","11.0454914261929","1.91250790690916","1.23840135860229","2.59110306460113","2","9","3","3","cases",0
"8.68998154317968","6.20323030841394","11.2349601189185","1.9150993916567","1.24040075899177","2.59429443327999","2","10","3","3","cases",0
"8.79296040835529","6.32224113595912","11.3210943256815","1.94422382208257","1.27288582502536","2.62001211896703","2","11","3","3","cases",0
"8.12571844115344","5.60887909784678","10.7025383498645","1.90431034167553","1.2337734459406","2.57928863787631","2","12","3","3","cases",0
"10.1429822551632","7.78434508891677","12.5532333109537","1.08937216642429","0.370194092659992","1.81370333475472","3","3","1","1","cases",0
"11.1225801829491","8.69255122196249","13.6069370687553","2.38078848833352","1.6906298972492","3.07563107912683","3","4","1","1","cases",0
"11.3152528592592","8.96320599183897","13.7180703002524","2.14176611375367","1.44811727303975","2.84015776022046","3","5","2","2","cases",0
"10.1247419469868","7.75305290583581","12.5486328400225","1.78062324546358","1.08378490625733","2.48226535880074","3","6","2","2","cases",0
"10.0243763071903","7.67558246468658","12.4244058373802","1.66413758275505","0.967707347997715","2.3653714828092","3","7","2","2","cases",0
"10.3758394737513","8.0546333587483","12.746909233291","1.69360818527857","0.998836610425413","2.39315909776989","3","8","2","2","cases",0
"10.2002323086271","7.81485660006485","12.6383838353876","1.69637966708189","0.994843257911104","2.4027891303366","3","9","3","3","cases",0
"10.3395798600403","7.9666590186406","12.7646534064577","1.68896653335451","0.986524374984588","2.39629473953042","3","10","3","3","cases",0
"10.4686749208301","8.1186074856439","12.8698234518456","1.71183896883773","1.01288066648386","2.41563371091302","3","11","3","3","cases",0
"9.90197969334663","7.51837962120427","12.3384223522535","1.65149590457725","0.953125500631713","2.3546974736669","3","12","3","3","cases",0
"9.41738366381994","6.83570787607743","12.0614454272397","1.27006104805971","0.551040193998986","1.9942234798463","4","3","1","1","cases",0
"10.2488893056382","7.58911801072273","12.9744143075461","2.64300061511633","1.95714400286553","3.3334709236134","4","4","1","1","cases",0
"10.702327072453","8.12182458803179","13.3444174286797","2.34351676104634","1.65221815179026","3.03951663286064","4","5","2","2","cases",0
"9.30892832729506","6.70468014889227","11.9767361224387","1.93385609272723","1.2360193336308","2.63650315694577","4","6","2","2","cases",0
"9.10059143468143","6.51509877270824","11.7488430142366","1.76427130850441","1.06384686853536","2.46955005009866","4","7","2","2","cases",0
"9.527794900165","6.97830270442086","12.1380462432488","1.78994815818843","1.0909068016387","2.4938233700633","4","8","2","2","cases",0
"8.80039544129936","6.16034868482076","11.5060961539183","1.84365205484056","1.13664967202287","2.55559678418578","4","9","3","3","cases",0
"8.92095577963001","6.29149100636388","11.6154688924046","1.8242166494115","1.1158175613438","2.53757865307518","4","10","3","3","cases",0
"9.12572971851393","6.53110506748389","11.7835479041972","1.8329881002014","1.12746554728447","2.54343277857636","4","11","3","3","cases",0
"8.4416059376119","5.81063107161515","11.1379998326363","1.74483563646775","1.03869308255702","2.45591330277186","4","12","3","3","cases",0
"11.0063799178348","8.36533127417805","13.7117954383897","1.65847038518301","0.942672927025301","2.37934365504897","5","3","1","1","cases",0
"11.9461338679886","9.19782316385773","14.7636145565349","3.1203905592784","2.44189243825936","3.80338254202985","5","4","1","1","cases",0
"12.0725790388371","9.45106951697601","14.7568774599161","2.7696849048753","2.08287353753118","3.46111712425823","5","5","2","2","cases",0
"10.7362666347925","8.09255368377191","13.4446391569787","2.31468011040139","1.61735856542804","3.01678683522932","5","6","2","2","cases",0
"10.4264271083315","7.79777807166229","13.1191757570854","2.09042416984717","1.38624741739022","2.79949177201335","5","7","2","2","cases",0
"10.8985756764252","8.30966009517622","13.5493738624293","2.10811624340121","1.40431553004217","2.81680171379981","5","8","2","2","cases",0
"10.5109810631777","7.73396406795572","13.3595801584223","2.23811369753517","1.52468519449287","2.95655556484429","5","9","3","3","cases",0
"10.6030984723572","7.83403025973448","13.443273540095","2.20621397589544","1.49045534667904","2.92702047304729","5","10","3","3","cases",0
"10.9165620588596","8.18815134946174","13.7137809039573","2.19311710716992","1.47873762960613","2.91252559918425","5","11","3","3","cases",0
"10.2773499581655","7.51549293640519","13.1101535384201","2.0759269257393","1.35934670846467","2.79757315048603","5","12","3","3","cases",0
"9.57920250649149","7.18343214337362","12.0285232693121","1.76111750185586","1.02678659121349","2.50078602546722","6","3","1","1","cases",0
"10.6561860923892","8.15058798044976","13.2198330972269","3.33621014476826","2.64498817416754","4.03208687563676","6","4","1","1","cases",0
"10.6370230612288","8.24268372858532","13.0843254269602","2.93947806219614","2.23683766611908","3.64694747624237","6","5","2","2","cases",0
"9.44353071957273","7.04156171615198","11.899398928133","2.43949926023159","1.72257842774082","3.16147281049655","6","6","2","2","cases",0
"9.0272323874633","6.63482967167504","11.4733097869561","2.15980698839791","1.43136515633477","2.89348021512759","6","7","2","2","cases",0
"9.41980150020241","7.06138698075336","11.8301686348978","2.17620924859163","1.44696654481167","2.91069405018021","6","8","2","2","cases",0
"9.52538314413787","6.99135569198361","12.1194275489397","2.40839956036758","1.66683432105401","3.15537383014652","6","9","3","3","cases",0
"9.54575119992553","7.01325287075287","12.1381818049165","2.36459111662861","1.61930839883675","3.11533978708429","6","10","3","3","cases",0
"9.85240066372719","7.35997515040188","12.4026893139503","2.33419345916426","1.58900042830639","3.08485275754025","6","11","3","3","cases",0
"9.37410781194972","6.86813248035054","11.9388463334431","2.19501974201717","1.44638040829026","2.94918377608082","6","12","3","3","cases",0
"6.82079047371096","4.0906905880481","9.62249566186142","2.17847115181811","1.45993823491939","2.90209267375297","7","3","1","1","cases",0
"7.48048008856261","4.6149749556162","10.4244741727364","3.74305711776448","3.06679558436664","4.42375586742543","7","4","1","1","cases",0
"7.99892303407281","5.24206472170592","10.8279983613241","3.35275147634664","2.66223776959975","4.04790962870043","7","5","2","2","cases",0
"6.60282523723514","3.83484713325883","9.44459073528598","2.84964095184765","2.14378366916201","3.56037601060173","7","6","2","2","cases",0
"5.98357811780175","3.20905019434334","8.83269257396782","2.54423213068189","1.82437323783404","3.26918014717601","7","7","2","2","cases",0
"6.55141642668329","3.82436491325044","9.3500966947262","2.56605613028129","1.84458153646019","3.2926417038097","7","8","2","2","cases",0
"5.4629656520141","2.5896227740986","8.41678547360885","2.85878236059687","2.12485501997339","3.59798412086294","7","9","3","3","cases",0
"5.40870080781879","2.52222700892102","8.37644216434576","2.81314313929948","2.07439307376187","3.55723981178617","7","10","3","3","cases",0
"5.92826643587574","3.10294301070078","8.83101202014478","2.77297873396491","2.03363932650986","3.51767542126438","7","11","3","3","cases",0
"5.41803987819522","2.58720776067511","8.32698710043946","2.63038695594069","1.88694383140837","3.37925479593337","7","12","3","3","cases",0
"6.81113214200906","4.01755137571336","9.67973960711279","1.78338568161973","1.03028527861766","2.54209984900382","8","3","1","1","cases",0
"7.36608886870846","4.44964133411714","10.3639695811775","3.33119036807281","2.62280275598819","4.04446785838604","8","4","1","1","cases",0
"7.39746140052511","4.60720488089965","10.2621442606132","2.96623530183475","2.24334193903912","3.69423975356842","8","5","2","2","cases",0
"5.85771253382283","3.069514030019","8.72133635586723","2.41822314982376","1.67762909808236","3.16421150072752","8","6","2","2","cases",0
"4.98068684430166","2.17379943091884","7.86468421146214","2.07469973242194","1.31772435594206","2.83733070099332","8","7","2","2","cases",0
"5.64145194296037","2.88838998706415","8.46817964611879","2.10774407330223","1.34993534858572","2.8712190479407","8","8","2","2","cases",0
"4.67033468281106","1.74650149810887","7.67818845167187","2.32216164381447","1.55272254739172","3.09743058416707","8","9","3","3","cases",0
"4.54045655932698","1.60122775218754","7.56471451593488","2.26733023588208","1.49256368182169","3.04801114653683","8","10","3","3","cases",0
"5.2127955986597","2.33430748730923","8.17225063117897","2.22788688815614","1.45336611709341","3.00832054755136","8","11","3","3","cases",0
"4.74480942639812","1.8701644903719","7.70057314287944","2.0561559279739","1.27630967586165","2.84200713997143","8","12","3","3","cases",0
"5.00216836192207","1.28971905545949","8.8506855732182","2.38073487448374","1.63628316067383","3.13063944761671","9","3","1","1","cases",0
"4.45296143861786","0.713625933963402","8.33113247706136","3.83464254995827","3.13119522828846","4.5428880137738","9","4","1","1","cases",0
"5.50213876545145","1.7794113295289","9.36103027798965","3.5013166355286","2.78700573371315","4.22059158956842","9","5","2","2","cases",0
"3.53581347421323","-0.120668131822799","7.32615518408861","2.97477646576441","2.24478030247628","3.70998457627214","9","6","2","2","cases",0
"2.2461094306373","-1.4209046716227","6.04953168699307","2.63847974192311","1.89335906225698","3.38904930297241","9","7","2","2","cases",0
"3.58472491456807","-0.0863061337199933","7.3906370630938","2.68019755209099","1.93498872061391","3.43085432847376","9","8","2","2","cases",0
"1.23531522681197","-2.41493853488766","5.02210989267005","2.92348099166166","2.16846258875827","3.68407893226463","9","9","3","3","cases",0
"1.05219372432115","-2.63929305752737","4.88364533477976","2.87202886502351","2.11190387483093","3.63781225525359","9","10","3","3","cases",0
"2.32807271924795","-1.38076549662123","6.17639164575903","2.84435913004513","2.08601981798606","3.60833171601611","9","11","3","3","cases",0
"1.76667056002462","-1.91709997316138","5.58879513186015","2.69773861439868","1.93632318035104","3.46484145647832","9","12","3","3","cases",0
"3.27633187942311","-0.43417464109573","7.1251173585021","2.61913821121977","1.78455769779651","3.46056185143102","10","3","1","1","cases",0
"3.454963428975","-0.299910862642849","7.35125264878242","4.11960384814372","3.33278989648105","4.91240889126099","10","4","1","1","cases",0
"4.8644510605319","1.13197217194339","8.7346845914414","3.80834911158285","3.01263933213161","4.61020526352995","10","5","2","2","cases",0
"2.95125876547508","-0.710414910345825","6.74797031154282","3.26965466767037","2.45814100376791","4.08759587769314","10","6","2","2","cases",0
"1.48453833637485","-2.18343407542718","5.290054133457","2.93338950536377","2.1075157045588","3.76594320167056","10","7","2","2","cases",0
"2.80544565459306","-0.866156190768774","6.6130319386982","2.98812410682245","2.16425814410297","3.8186338326041","10","8","2","2","cases",0
"0.813549664842683","-2.83931352754446","4.60374627866547","3.17514638238026","2.34184595124471","4.01523181531127","10","9","3","3","cases",0
"0.624699030526932","-3.0703068066791","4.46056024122268","3.11748071746485","2.27936091053993","3.96246842818295","10","10","3","3","cases",0
"1.88886280552971","-1.83343671123889","5.75230522501742","3.12099810249211","2.28834574957204","3.96042845084992","10","11","3","3","cases",0
"1.58298480395396","-2.11540971307134","5.42111655605855","3.00125910494593","2.16893135264082","3.84036748496328","10","12","3","3","cases",0
"-1.54355407252077","-5.2611100370368","2.31987886347667","3.385643671973","2.45550545839446","4.32422610816789","11","3","1","1","cases",0
"-0.923684307950956","-4.69408705212437","2.99587955764256","4.87739906798672","4.00153226779618","5.76064213115097","11","4","1","1","cases",0
"0.681633070679299","-3.05648120210206","4.56388795739382","4.593280541492","3.71458337437873","5.47942226159264","11","5","2","2","cases",0
"-1.08509683975851","-4.74291905342484","2.71318383866272","4.06957025435364","3.17605807179806","4.97082031753091","11","6","2","2","cases",0
"-2.75584621366579","-6.40847806549275","1.03933828790137","3.75498908746719","2.84906742762905","4.66889034375952","11","7","2","2","cases",0
"-1.46934219522192","-5.1300569403489","2.3326273247368","3.83100169186368","2.93006769134938","4.73982145493006","11","8","2","2","cases",0
"-3.34868440963009","-6.98877907944749","0.43386929979663","3.94947178922482","3.03455284065692","4.87251497048329","11","9","3","3","cases",0
"-3.64036546588653","-7.31679704947873","0.181897819228216","3.88517246561262","2.96500598178875","4.81356219334232","11","10","3","3","cases",0
"-2.43147419738058","-6.14131429017134","1.42500031086137","3.94617329867659","3.03593994422553","4.86444777703068","11","11","3","3","cases",0
"-2.52958785995014","-6.21378582281292","1.29933622016392","3.88754486513074","2.98293720742413","4.80009864514239","11","12","3","3","cases",0
"3.62842255589835","-0.222465113668868","7.62793422044117","2.48965821809433","1.24936685853696","3.7451429828484","12","3","1","1","cases",0
"4.45085043967892","0.535045660920397","8.5191744416053","4.18021686994814","3.00944064416053","5.36429980784194","12","4","1","1","cases",0
"5.60115096234604","1.74325629144527","9.60532905127631","3.8950819434957","2.71611141069652","5.08758464274977","12","5","2","2","cases",0
"3.81690951465699","0.044311542458142","7.73176940300484","3.31069506390995","2.11760779142445","4.51772172716807","12","6","2","2","cases",0
"1.93277601406763","-1.83177624862001","5.84169122025109","3.02081031971433","1.81711997432019","4.23873079112222","12","7","2","2","cases",0
"3.13249705584784","-0.638331464595987","7.04643053759295","3.14696670546131","1.95326180774704","4.35464792288875","12","8","2","2","cases",0
"1.53698336393364","-2.21731866170878","5.43542935767796","3.04115510922818","1.8361345788046","4.26043457126524","12","9","3","3","cases",0
"1.27989147260767","-2.51326593594615","5.22063863544147","2.98150943398399","1.76957784241338","4.20787341501505","12","10","3","3","cases",0
"2.58721966903988","-1.2470414426839","6.57035286001728","3.18546263129043","1.9910557802046","4.39385705917903","12","11","3","3","cases",0
"2.6950444183786","-1.11684707194615","6.65388224186267","3.25364163043818","2.07449602057539","4.44640851126934","12","12","3","3","cases",0
"2.58156100323601","-1.15497646343683","6.45934697934629","2.53391051953622","1.11656459062481","3.97112331685179","13","3","1","1","cases",0
"3.31782643162737","-0.484588795898155","7.26552932251654","4.28502538159252","2.96336537367621","5.62365050297602","13","4","1","1","cases",0
"4.07472673446911","0.340742894299395","7.9476634557565","3.85270000871392","2.51791188550601","5.20486713722039","13","5","2","2","cases",0
"2.48391928479625","-1.17301693230379","6.27617464329695","3.31036280801622","1.95894805710877","4.67968988406797","13","6","2","2","cases",0
"0.494711582984331","-3.15854691826256","4.28578604270997","3.07858734762121","1.71689676976543","4.45850696400159","13","7","2","2","cases",0
"1.50416905304411","-2.15367899450098","5.29876064088213","3.23158761902782","1.88295028673795","4.59807703205275","13","8","2","2","cases",0
"0.151701756019662","-3.47644520414612","3.91622424019511","3.12782205528381","1.76359361659055","4.5103391487582","13","9","3","3","cases",0
"-0.150688301182345","-3.81061854777118","3.64849941029153","3.07988567966477","1.7060866207149","4.47224138470219","13","10","3","3","cases",0
"1.0265157561645","-2.67414954282881","4.86789314337326","3.38365804848455","2.03191716707474","4.75330708511881","13","11","3","3","cases",0
"1.46131360763921","-2.23007080581186","5.29206928790185","3.63003302120541","2.30588464337833","4.97131989436552","13","12","3","3","cases",0
"4.25572354567949","0.384653111455369","8.27607164179969","1.83477563444112","0.164528411191056","3.53287429203653","14","3","1","1","cases",0
"5.024493402462","1.11236259437861","9.08798816908476","4.23320153106759","2.60411338042579","5.88815539132983","14","4","1","1","cases",0
"6.53058949972043","2.6487375379542","10.5592408767985","3.33248391556611","1.70131299249836","4.98981692545428","14","5","2","2","cases",0
"5.12378178464783","1.32058025403023","9.06974149772182","2.64597160007689","1.01106623377181","4.30733857753445","14","6","2","2","cases",0
"2.87132212917054","-0.925406706502507","6.81354891111252","2.36603044718307","0.717674686295844","4.04136336697423","14","7","2","2","cases",0
"3.82470329533087","0.0162014018121326","7.77822855975994","2.55219606079102","0.906693186459195","4.2245324347048","14","8","2","2","cases",0
"2.42332944858668","-1.32009770061201","6.3087636984698","2.46353465027171","0.831681548178409","4.12179755239934","14","9","3","3","cases",0
"2.05490384941596","-1.71658178827599","5.97111485557926","2.41556927945192","0.771732474822651","4.08622113800443","14","10","3","3","cases",0
"3.2716211620587","-0.555116048107229","7.24561499412137","2.83698023630876","1.18618454767174","4.51470772811442","14","11","3","3","cases",0
"4.09440776828469","0.267688473488947","8.06717391809531","3.3492483903083","1.69808390980117","5.0272210862397","14","12","3","3","cases",0
"2.65124866078794","-1.15713943148525","6.60637289341512","-0.924268729216304","-2.70529359056683","0.889358620736225","15","3","1","1","cases",0
"3.75076503666194","-0.0895503080697524","7.7386927882285","1.33457077484904","-0.41654676787104","3.11648070876362","15","4","1","1","cases",0
"5.47730720513924","1.64848089819962","9.45035515473571","0.324725920267355","-1.42094075938928","2.10130537369093","15","5","2","2","cases",0
"4.17272103434885","0.425375938112338","8.0598972752449","-0.460908822802308","-2.20610321148008","1.31542967153331","15","6","2","2","cases",0
"1.60488541167432","-2.12933394917384","5.48158254239577","-0.874891926458732","-2.63322701416203","0.915196727536616","15","7","2","2","cases",0
"2.54738192027621","-1.20816368837425","6.44569360500369","-0.662974806099303","-2.42011076615138","1.12580216939508","15","8","2","2","cases",0
"1.49988124535627","-2.20047654898639","5.34024634569579","-0.734657625546764","-2.471767428115","1.03339245335585","15","9","3","3","cases",0
"0.959004660605234","-2.76136925576733","4.82172099759488","-0.843133607350188","-2.59132206457704","0.93642949684607","15","10","3","3","cases",0
"2.07246776970795","-1.71099712274057","6.00157058881512","-0.444056205966126","-2.2048092959551","1.34839835545091","15","11","3","3","cases",0
"3.11889644374816","-0.674023642084909","7.05665520426664","0.135971991875317","-1.63145203722445","1.93515198122187","15","12","3","3","cases",0
"2.95802119591533","-0.876043886718603","6.94038599976978","-1.53145993750569","-3.36406205762586","0.335895614952175","16","3","1","1","cases",0
"3.99001134683226","0.125488700016407","8.00369216986931","0.658907173844381","-1.13503268369708","2.48539870565263","16","4","1","1","cases",0
"5.99814302422446","2.12412162714157","10.0191232547928","-0.340338971585752","-2.13319612752114","1.48536217898725","16","5","2","2","cases",0
"4.87492494219133","1.07988391909917","8.81245065965139","-1.12190891352597","-2.91664989412826","0.706010724219297","16","6","2","2","cases",0
"1.99456292215123","-1.7864469785157","5.92113354666057","-1.55534922198189","-3.36579652354002","0.289016912802986","16","7","2","2","cases",0
"3.01243827755289","-0.799386333314112","6.970733825715","-1.36145813846441","-3.17029197562725","0.481165740176626","16","8","2","2","cases",0
"2.07591844748998","-1.67578797109764","5.97077679947051","-1.42337571845336","-3.2119809475596","0.39828224483327","16","9","3","3","cases",0
"1.49431559836282","-2.28168262495438","5.41622466997853","-1.52444351351598","-3.32358002311074","0.30817470941622","16","10","3","3","cases",0
"2.70883904925117","-1.14151031582818","6.70915216838468","-1.13715281017768","-2.94728616638906","0.706741402766564","16","11","3","3","cases",0
"3.97114938068723","0.100082573307025","7.99191794496887","-0.509970604731591","-2.32665247857891","1.34050076353274","16","12","3","3","cases",0
"6.64280590443882","2.77036397308339","10.6611635057597","-1.50636508289547","-3.36751819975879","0.39063406482498","17","3","1","1","cases",0
"8.90709882849585","4.97167016139677","12.9900682441608","0.336984129418427","-1.48535001475362","2.19302799832188","17","4","1","1","cases",0
"10.516329838994","6.58300385506543","14.594810798259","-0.354740938300291","-2.17456732914312","1.49893930835887","17","5","2","2","cases",0
"9.3905661486928","5.53572940192986","13.3862060758422","-1.03192933966555","-2.8507021431604","0.820893473285933","17","6","2","2","cases",0
"6.32521834060071","2.47602536870828","10.3189942672043","-1.38809922802643","-3.22144581688439","0.479977779603025","17","7","2","2","cases",0
"7.35388442768772","3.46419524472801","11.3898046996173","-1.21274128671301","-3.04341006884271","0.652492945709904","17","8","2","2","cases",0
"6.63478765757186","2.81541058038273","10.5960465905588","-1.21262086794567","-3.02380640619637","0.632391457399906","17","9","3","3","cases",0
"6.06948871836976","2.23431557343652","10.0485328616964","-1.29837671996729","-3.12009778465707","0.557599825597754","17","10","3","3","cases",0
"7.21769354682933","3.31729684690543","11.2653365925352","-0.88350942839357","-2.71395484904688","0.981375982422694","17","11","3","3","cases",0
"8.71389636445501","4.77928160390404","12.7962616447363","-0.218544272206789","-2.05375908147288","1.6510568837385","17","12","3","3","cases",0
"-0.827485958788632","-4.6935169619908","3.19536748965854","-0.833291017315629","-2.70466128224369","1.07407302403184","18","3","1","1","cases",0
"1.90216910258316","-2.03657768819797","5.99927833023906","0.821427645324491","-1.01211580840946","2.68893365542771","18","4","1","1","cases",0
"3.15380601863067","-0.792447488672987","7.25703262273687","0.456915213285081","-1.37465432501495","2.32249879686595","18","5","2","2","cases",0
"2.34229814276743","-1.52556515812202","6.36208276758621","-0.208185815828155","-2.03671132771102","1.65446988495426","18","6","2","2","cases",0
"-1.05621936835524","-4.89079930915729","2.9329618435709","-0.599155687913999","-2.44085952633312","1.27731550302563","18","7","2","2","cases",0
"-0.192057067824958","-4.07643655210786","3.84961853261103","-0.447658640919435","-2.28834647671841","1.42770399145384","18","8","2","2","cases",0
"-0.598284091374923","-4.41606223421687","3.37198232814462","-0.425011510896378","-2.24354143954822","1.42734790738819","18","9","3","3","cases",0
"-1.2410823195974","-5.06029822593458","2.7317722633593","-0.530795315722654","-2.35791711271405","1.33051639162629","18","10","3","3","cases",0
"-0.376218947624507","-4.25526475977411","3.65998429333831","-0.1908621538384","-2.02528919075318","1.67791173162504","18","11","3","3","cases",0
"1.33473276152662","-2.60478472872357","5.43359892216848","0.423658191185505","-1.41381847423226","2.29538225764572","18","12","3","3","cases",0
"0.480777222129136","-3.46253586978876","4.58516475577793","-1.30243113271776","-3.25167311230053","0.686083301668039","19","3","1","1","cases",0
"3.74969829037781","-0.279079680744543","7.94124102428653","0.19154628054876","-1.72210318745946","2.14245798559278","19","4","1","1","cases",0
"4.69531898620505","0.658328380547846","8.89421664329424","0.131605538933721","-1.77791219878611","2.07824586356136","19","5","2","2","cases",0
"3.97450970293647","0.0159982709623252","8.08969419750023","-0.509095523151915","-2.41255290414873","1.43148907152961","19","6","2","2","cases",0
"0.364246886167185","-3.55631748599331","4.444187430987","-0.907311717369053","-2.8219573296097","1.04505710599765","19","7","2","2","cases",0
"1.21188878109482","-2.76741568787334","5.35404878011776","-0.774042340224312","-2.68754781383348","1.17708938896957","19","8","2","2","cases",0
"0.927831707254434","-2.98978600915201","5.00365677050116","-0.842302068619361","-2.73755799814572","1.0898848176512","19","9","3","3","cases",0
"0.214849666371442","-3.69191021945627","4.2800881684846","-0.956662741594039","-2.85920878644327","0.983145522427509","19","10","3","3","cases",0
"0.995957206245079","-2.96443894091123","5.11799242129791","-0.641984267209639","-2.54901067878983","1.30236090080182","19","11","3","3","cases",0
"2.94177658645225","-1.09561879099525","7.14398328200898","-0.0465253605781757","-1.95378850737989","1.89783919642359","19","12","3","3","cases",0
"-0.08874484011685","-3.96118518215022","3.93983855960678","0.717385266547432","-1.2275773688821","2.70064684769933","20","3","1","1","cases",0
"2.99114413159121","-0.967022901435322","7.10751186422653","2.32283534491651","0.41376215512261","4.26820396240644","20","4","1","1","cases",0
"3.86048767338496","-0.0988615476753885","7.97675649012932","2.35010108149381","0.443339276588861","4.29305981699493","20","5","2","2","cases",0
"3.58948075165513","-0.299711341410025","7.63038569671168","1.68746940541744","-0.214554462276439","3.62574800719386","20","6","2","2","cases",0
"0.278920665916105","-3.58209268980045","4.29454662990119","1.24173194512283","-0.67316846157558","3.19354930075417","20","7","2","2","cases",0
"1.01999862426598","-2.88977159429386","5.08718071810299","1.33678959863843","-0.577551264488241","3.28799035595242","20","8","2","2","cases",0
"0.854816512088585","-2.99600659155193","4.85850794675846","1.14248554134904","-0.753822795990478","3.07502686429635","20","9","3","3","cases",0
"0.229278096805596","-3.61059347650857","4.22211890430584","1.03905915921019","-0.863054237178917","2.97766788380298","20","10","3","3","cases",0
"0.984909130497602","-2.89554863276709","5.02043653516868","1.29944114551501","-0.602701564944363","3.2379847134214","20","11","3","3","cases",0
"3.05580830141321","-0.902154920267162","7.17185238601818","1.82588665872376","-0.0724207292885026","3.76025587236699","20","12","3","3","cases",0
"-1.76896429725379","-5.6646398625004","2.2875871907384","1.84545534499785","-0.0943779438997594","3.82295371331014","21","3","1","1","cases",0
"0.986527837744156","-2.98436937406801","5.11995581459948","3.78597270285166","1.87739152832502","5.73030942672159","21","4","1","1","cases",0
"2.05489067029236","-1.92180847681362","6.19282990411889","3.74157440672593","1.83832626205642","5.680392200202","21","5","2","2","cases",0
"2.35865015963626","-1.56183653254663","6.43527767527798","2.99377518257808","1.0922129018949","4.93110618375439","21","6","2","2","cases",0
"-0.724421118168039","-4.60371128646758","3.31262038839431","2.46620718381447","0.54891902228047","4.42005460356925","21","7","2","2","cases",0
"-0.0809804854065788","-4.00869893921484","4.00745015879711","2.52243628464648","0.604115190554988","4.47733596017144","21","8","2","2","cases",0
"-0.301396814258603","-4.17665521725703","3.73058360386107","2.32083406543557","0.427677328305998","4.24967859826733","21","9","3","3","cases",0
"-0.862139977484799","-4.72053485880052","3.15250274840162","2.21564018780005","0.317519999112204","4.14967494306344","21","10","3","3","cases",0
"-0.303955828651414","-4.18798662239404","3.73752594305246","2.36248936349512","0.46755627070425","4.29316306309919","21","11","3","3","cases",0
"1.84784454901545","-2.12836515534127","5.98559486356138","2.76632081235999","0.877433909095848","4.69057631685694","21","12","3","3","cases",0
"2.15237495933549","-2.18268042661359","6.67955077223152","0.350927962366865","-1.05020880827764","1.77190493910384","0","3","1","1","deaths",0
"3.70598555186479","-0.696979207309345","8.30417195198983","1.4845837641204","0.148190085989741","2.83881049606276","0","4","1","1","deaths",0
"5.07583017028668","0.754931741285736","9.58203132254967","1.94226535155266","0.581697865665576","3.32123721838513","0","5","2","2","deaths",0
"4.82636158498935","0.491068896617142","9.34868345814601","1.8794055160092","0.52297081819439","3.2541436431244","0","6","2","2","deaths",0
"4.69861027859049","0.360140967368139","9.22462731327147","1.86098329890088","0.506842164401466","3.23336894464603","0","7","2","2","deaths",0
"4.94037256199134","0.617332413734917","9.44915283747148","1.90402337614217","0.547407346427908","3.27894327962754","0","8","2","2","deaths",0
"4.415031216939","0.00420656121364882","9.02040143042193","2.06327911402413","0.70044816606849","3.44455395400338","0","9","3","3","deaths",0
"4.46965522811422","0.0785474450625046","9.05342995183036","2.07769814155228","0.718626508318709","3.45510874314048","0","10","3","3","deaths",0
"4.42579876698281","0.0228864500739334","9.02252309590619","2.08152548304719","0.72162960584079","3.45978203217761","0","11","3","3","deaths",0
"4.50025826755815","0.105254559395918","9.08821945512326","2.0826947585894","0.723714705098355","3.46001038271733","0","12","3","3","deaths",0
"-0.581250879680373","-5.36984062095881","4.44965686952226","0.796807514303177","-0.476473925181209","2.08637902798485","1","3","1","1","deaths",0
"0.562982143571156","-4.36459834857811","5.74445449048682","2.03130284808373","0.816890796584824","3.26034336728456","1","4","1","1","deaths",0
"1.82359084836996","-3.10387780339088","7.00163657962236","2.49662313935277","1.26206876668409","3.74622879941504","1","5","2","2","deaths",0
"1.50668157314986","-3.43965869926863","6.7064000105683","2.43872660828464","1.20583435153636","3.68663799240327","1","6","2","2","deaths",0
"1.27736156822409","-3.68750803433566","6.49816816989304","2.38725923240157","1.15429595831689","3.63525101734523","1","7","2","2","deaths",0
"1.58688869409958","-3.35784769866783","6.78462460531439","2.39468169787582","1.1585189081514","3.64595046640652","1","8","2","2","deaths",0
"1.46561198165569","-3.53622947074813","6.72680902194209","2.49947901630274","1.25914894476966","3.75500197363807","1","9","3","3","deaths",0
"1.5427180154715","-3.43487559501654","6.77688912538119","2.50780251295146","1.27099976350638","3.75971009047773","1","10","3","3","deaths",0
"1.44819917976153","-3.54145928022782","6.69596533411954","2.50740134572638","1.27006861251993","3.75985199396573","1","11","3","3","deaths",0
"1.53025101718656","-3.4534203294539","6.7711762217687","2.51166486884187","1.27543986802572","3.76297992756973","1","12","3","3","deaths",0
"0.924038321553833","-3.68205785821378","5.75040625490646","0.0870628290231767","-1.19995863820932","1.39084971694059","2","3","1","1","deaths",0
"1.10458167275753","-3.80486238400256","6.26458559713456","1.48369552998349","0.262283694828924","2.71998680749743","2","4","1","1","deaths",0
"2.21651856623037","-2.76986001283929","7.45862002441022","1.96143608519928","0.722613176214715","3.21549571363968","2","5","2","2","deaths",0
"1.92476270343691","-3.07158246781185","7.17865324379241","1.90035789857983","0.660975890152837","3.15499972094397","2","6","2","2","deaths",0
"1.65119009564305","-3.36725833115902","6.93026265643462","1.82573767665195","0.584292144380716","3.08250555177354","2","7","2","2","deaths",0
"2.00402751689512","-2.97768479050804","7.24153105603857","1.81745017485559","0.572139589581444","3.07818052210485","2","8","2","2","deaths",0
"2.51413071029365","-2.48210205441339","7.76634050450002","1.90007476674339","0.651462688323923","3.16417625863719","2","9","3","3","deaths",0
"2.56441749982044","-2.40647305427342","7.78849854383807","1.90347209955617","0.658299369610882","3.16404798192018","2","10","3","3","deaths",0
"2.43894762635017","-2.54564788760678","7.67849524761894","1.89900079087573","0.653259574012388","3.16016000002228","2","11","3","3","deaths",0
"2.5294529330059","-2.4535791045443","7.76703668100647","1.90467528217817","0.659793758840421","3.16495252558724","2","12","3","3","deaths",0
"5.9122377744431","1.98358194798016","9.99223498652899","-0.723078728338011","-2.08398666876687","0.656744100057716","3","3","1","1","deaths",0
"6.54360895927337","2.40308243179559","10.8515519308427","0.858344480114992","-0.432340354923977","2.16576032348879","3","4","1","1","deaths",0
"7.30428867582689","3.09256681244445","11.6880753311042","1.36583877321474","0.0639512810846732","2.68466454352057","3","5","2","2","deaths",0
"7.08597914974225","2.8716070848497","11.4730026624409","1.30483018302501","0.000636577140156191","2.6260328902501","3","6","2","2","deaths",0
"6.83011935165889","2.59710609138093","11.2377808251694","1.21625910888816","-0.0914493218016954","2.54108420605041","3","7","2","2","deaths",0
"7.01433020574458","2.81389227732973","11.3863760598945","1.19159432571487","-0.120500326190887","2.52092567164874","3","8","2","2","deaths",0
"8.19252248309179","3.96813033740924","12.588558467541","1.27434758374738","-0.0425387485021522","2.60858319228257","3","9","3","3","deaths",0
"8.2096614280613","4.00207080386814","12.5874776903015","1.27684877765004","-0.0359371142177434","2.60687493314993","3","10","3","3","deaths",0
"8.08401027589467","3.86357409295204","12.4759414389576","1.26559130399406","-0.0483463903403702","2.59680167168852","3","11","3","3","deaths",0
"8.20198965664949","3.98411487765102","12.5909527569001","1.27704992882951","-0.036533136973238","2.60789430543822","3","12","3","3","deaths",0
"6.25743227720681","1.94013858698747","10.7575688109416","-0.746232289186965","-2.12220234660736","0.649081211223645","4","3","1","1","deaths",0
"6.96114536820618","2.45629616739433","11.6640660110005","0.980489990527933","-0.316923588971418","2.29478990677443","4","4","1","1","deaths",0
"7.66241660397649","3.02731826755864","12.5060434835956","1.4407653160206","0.136573453818389","2.76194314403699","4","5","2","2","deaths",0
"7.385596186018","2.74230235274517","12.238737152637","1.37884563358253","0.0705786469238134","2.70421617386836","4","6","2","2","deaths",0
"7.09147387858331","2.4229810041358","11.9727590922607","1.27752640333112","-0.0369691301765007","2.60930731216777","4","7","2","2","deaths",0
"7.30559349590716","2.68211604552742","12.1372527072149","1.23372839322922","-0.0864337683067817","2.5713339130446","4","8","2","2","deaths",0
"8.04519435544475","3.33509943348325","12.9699791000852","1.34979900407941","0.0237316162514656","2.69344676697081","4","9","3","3","deaths",0
"8.0634905249193","3.37260538226567","12.967240607372","1.35036340181713","0.0272866417038164","2.69094070775071","4","10","3","3","deaths",0
"7.90933428263423","3.20360996273892","12.8296232033497","1.33050706641584","0.00576465651185298","2.67279788924011","4","11","3","3","deaths",0
"8.05597045680453","3.35728614854844","12.9682597759054","1.34589117240655","0.0211411954515128","2.68818706495968","4","12","3","3","deaths",0
"11.3845930782285","6.82574187515219","16.1379959308134","-1.07327383398754","-2.54414471086577","0.419796439017572","5","3","1","1","deaths",0
"12.7691689903708","8.02019359562265","17.726927266812","0.901214424842744","-0.469669200781508","2.29097995209351","5","4","1","1","deaths",0
"12.7953971422682","7.95799745545505","17.8495518290028","1.33595032710507","-0.0403339668754055","2.73118384863931","5","5","2","2","deaths",0
"12.5435503342438","7.69596412202211","17.6093349931436","1.27192349417742","-0.111283191753297","2.67428410256441","5","6","2","2","deaths",0
"12.2824935000926","7.41683445287069","17.3685522461549","1.15318246145251","-0.240595335094229","2.56643327463033","5","7","2","2","deaths",0
"12.4500407672613","7.63357756376146","17.4820344614848","1.07371307776298","-0.330668670712364","2.49788314095007","5","8","2","2","deaths",0
"12.6355612592272","7.6191927130304","17.8857538358492","1.22235283728038","-0.19432504049588","2.65913955365922","5","9","3","3","deaths",0
"12.6540054586094","7.6551568232694","17.8849701245828","1.21665894093625","-0.198420897431806","2.65180310060027","5","10","3","3","deaths",0
"12.4985376507036","7.49036571547981","17.740049438907","1.18352749826689","-0.235013514365845","2.62223849914305","5","11","3","3","deaths",0
"12.6764105173048","7.6777514933895","17.9071192607846","1.20370508795695","-0.21650082846234","2.64412461546202","5","12","3","3","deaths",0
"8.47194420367683","4.29284057600143","12.8185081002872","-0.905199714531169","-2.45573564924537","0.669983099226545","6","3","1","1","deaths",0
"10.1333483466471","5.75627039458151","14.691586350282","1.3430253766695","-0.0819273156711486","2.7882996196652","6","4","1","1","deaths",0
"10.0904220374058","5.60737645033669","14.7637734384366","1.78858746395454","0.36066059835238","3.23683080736137","6","5","2","2","deaths",0
"9.90419522667398","5.4145019931839","14.585108310846","1.73436682337889","0.296636104007453","3.19270710356632","6","6","2","2","deaths",0
"9.64764434819119","5.14357605622671","14.3446548239732","1.59801064468723","0.143718126201664","3.07342247818225","6","7","2","2","deaths",0
"9.70049650699207","5.23259181338507","14.3580969213559","1.48548446837662","0.0143744682712388","2.97823300438163","6","8","2","2","deaths",0
"9.86871787381616","5.1614188103452","14.7867279064203","1.65583514550234","0.163400625699084","3.1705069374228","6","9","3","3","deaths",0
"9.89074901383884","5.19809481095526","14.7927321357243","1.64853379452283","0.15469410445732","3.16465458723227","6","10","3","3","deaths",0
"9.75880997706489","5.06126605348207","14.6663924785452","1.60969602028953","0.110270698537906","3.1315793404046","6","11","3","3","deaths",0
"9.92348073339469","5.23478603226335","14.8210783917067","1.63543933387373","0.132783579004347","3.16064488948704","6","12","3","3","deaths",0
"7.39067054743678","3.81601946500221","11.0884060095943","-0.787725051245747","-2.39739944543885","0.848496296005985","7","3","1","1","deaths",0
"9.25278551040243","5.53742947316305","13.0989375178712","1.6607314876365","0.207008351022209","3.13554407690191","7","4","1","1","deaths",0
"9.64631719492961","5.78798647562053","13.6453700929616","2.13192578009225","0.669691296321528","3.6153993245772","7","5","2","2","deaths",0
"9.53669947837836","5.67049736137837","13.5443556358413","2.10053124853411","0.626288732762204","3.59637240440971","7","6","2","2","deaths",0
"9.29190879126369","5.40977443661068","13.3170181900065","1.96203661403258","0.466251565276998","3.48009155817313","7","7","2","2","deaths",0
"9.20060476240816","5.33620642082426","13.2067736788956","1.82175056757181","0.302894791957997","3.36360590737466","7","8","2","2","deaths",0
"9.35957402306766","5.35075366782962","13.5209385232792","1.92227725046354","0.371400798003241","3.49711688119645","7","9","3","3","deaths",0
"9.36546140005083","5.37192085592493","13.5103550366138","1.91467590306389","0.359460385194788","3.49399174289302","7","10","3","3","deaths",0
"9.26464699987175","5.26408531181588","13.4172500396625","1.87556905407484","0.311613471219507","3.46390822503631","7","11","3","3","deaths",0
"9.40867926468054","5.41627907524822","13.5522824695522","1.90990429615221","0.341264144816922","3.50306707977994","7","12","3","3","deaths",0
"5.39325411802694","1.40604100602548","9.53724160207563","0.40792484573362","-1.02796505873856","1.86464669348136","8","3","1","1","deaths",0
"6.90611096006286","2.77110756201011","11.2074865371017","2.4976371978823","1.19244431286309","3.81966462503234","8","4","1","1","deaths",0
"5.94630080542398","1.65091113969238","10.4231976723564","2.97224623353782","1.65279579832993","4.30882309834657","8","5","2","2","deaths",0
"5.8214531320546","1.53100323034816","10.2932068697656","2.95930343466619","1.62873427283432","4.307293007242","8","6","2","2","deaths",0
"5.54890987569898","1.2293753881264","10.0527621872015","2.83595652696722","1.48476560471045","4.20513750810141","8","7","2","2","deaths",0
"5.48014277180917","1.17415603995679","9.969392922509","2.71093636015045","1.33911856969047","4.10132431459826","8","8","2","2","deaths",0
"5.38961253377228","0.878107489599533","10.102882641447","2.83860458583556","1.43494758003118","4.26168540007037","8","9","3","3","deaths",0
"5.47013363347539","0.961952823811463","10.179614969171","2.83860649049832","1.43041034122984","4.26635315117798","8","10","3","3","deaths",0
"5.32078503516586","0.809295321094439","10.0341761649286","2.81149281167161","1.39474728276314","4.24803392119417","8","11","3","3","deaths",0
"5.50352995162011","1.00184482794399","10.2058566476086","2.8498419830463","1.42775755002373","4.29186498302032","8","12","3","3","deaths",0
"20.1596072198405","13.2141226136272","27.531184925585","1.37322593086513","0.057727180299838","2.70602006691942","9","3","1","1","deaths",0
"20.9288993842946","13.8683459643573","28.4272515109188","3.16985092438036","1.95414798207958","4.40004992861851","9","4","1","1","deaths",0
"18.902695100687","11.6410359478397","26.6366867897244","3.58051182832591","2.34779372083602","4.82807728989434","9","5","2","2","deaths",0
"18.7957411981153","11.5883209009283","26.4686842930368","3.58437080743994","2.34023400765546","4.84363241509285","9","6","2","2","deaths",0
"18.4654981912256","11.2187148180066","26.184467107537","3.49990544235166","2.23771756850986","4.77767580636208","9","7","2","2","deaths",0
"18.3757664284658","11.1263417003158","26.0981137606086","3.36501859854383","2.08451348301733","4.66158583059464","9","8","2","2","deaths",0
"18.1237783213626","10.7712178122227","25.9643730609485","3.52533794225431","2.21584674083903","4.85160508655185","9","9","3","3","deaths",0
"18.2615835198318","10.87787404051","26.1369976439876","3.51115632329844","2.19921361465671","4.83994058687862","9","10","3","3","deaths",0
"18.0666697149619","10.6823758535041","25.9436146910337","3.47079514100046","2.15143953326751","4.80719112748491","9","11","3","3","deaths",0
"18.2083027443029","10.8442747615924","26.0615658115206","3.50775537146768","2.18168606777662","4.85103382354783","9","12","3","3","deaths",0
"17.1200407500388","9.99302600426424","24.7088514935389","2.31467772558875","0.939226474926991","3.70887160197704","10","3","1","1","deaths",0
"18.2377857281062","10.9743992191156","25.9765682198661","4.10784457721922","2.83031055498291","5.40125031246663","10","4","1","1","deaths",0
"15.8182661416413","8.38797457574394","23.7579244797323","4.55102509605969","3.25561106013559","5.86269100931269","10","5","2","2","deaths",0
"15.9278121761456","8.55082138440562","23.8061349011439","4.56614960583546","3.26080194906611","5.88799851451134","10","6","2","2","deaths",0
"15.4292592491281","8.0124255980736","23.3553808001888","4.48443162484489","3.16243234066447","5.82337198018579","10","7","2","2","deaths",0
"15.2219588469919","7.8122158713968","23.1409603562385","4.3627033644638","3.02476974871444","5.71801208684548","10","8","2","2","deaths",0
"15.5450956841577","7.98818563286341","23.6308310804533","4.52114239807102","3.16009162043513","5.90015030612627","10","9","3","3","deaths",0
"15.5802518334352","7.97247467116216","23.724075553195","4.50790825521341","3.14730246456496","5.8864616612945","10","10","3","3","deaths",0
"15.4895600749892","7.8742149075097","23.642508061359","4.47688118233716","3.11087676924557","5.86098230951995","10","11","3","3","deaths",0
"15.4278676086914","7.84857513892476","23.5398112912188","4.50761145958207","3.13622598270005","5.89723202416761","10","12","3","3","deaths",0
"3.19467492884256","-4.00994133464742","10.9400398513692","3.21344361678946","1.65274229983097","4.79810679198855","11","3","1","1","deaths",0
"5.90123361664134","-1.49470554021527","13.8524720222531","5.08518743944484","3.63291972343303","6.55780661833736","11","4","1","1","deaths",0
"3.33762414359591","-4.13627618531003","11.3942181537363","5.5234903602533","4.05487865189189","7.0128297882361","11","5","2","2","deaths",0
"3.6258836115413","-3.79701122408173","11.621519153475","5.51907062310346","4.0438011988108","7.01525835150625","11","6","2","2","deaths",0
"2.79629180930789","-4.65099297509147","10.8252507232077","5.39985531756255","3.90883714820978","6.91226854091029","11","7","2","2","deaths",0
"2.63640215242431","-4.80258549985845","10.6566927485043","5.30292612052228","3.79930809184079","6.82832528838222","11","8","2","2","deaths",0
"1.9833894000888","-5.57531017445635","10.1471631280549","5.43591052125052","3.91329305124553","6.98083855318545","11","9","3","3","deaths",0
"1.7502260254554","-5.8457598338097","9.95902550917662","5.43639577487749","3.91588423516338","6.97915564899612","11","10","3","3","deaths",0
"1.72534611745121","-5.88705464694611","9.953481998632","5.4142539069715","3.89127643541385","6.95955722203072","11","11","3","3","deaths",0
"1.65046949208172","-5.9068371396675","9.8147584144683","5.42923364134458","3.90546405332493","6.97534925109204","11","12","3","3","deaths",0
"14.1153745971593","6.30952551912585","22.494373442643","1.96070562802262","-0.245021067283624","4.2152041270668","12","3","1","1","deaths",0
"19.4931081286643","11.370990067489","28.2075599902277","4.01705447873177","2.00181682024745","6.07210694588101","12","4","1","1","deaths",0
"16.9806460502089","8.80163885142336","25.7744983879463","4.49363316194131","2.45263940123817","6.57528625124326","12","5","2","2","deaths",0
"17.1497439435065","9.02395045558655","25.8811705930612","4.43608387871368","2.39061325679824","6.52241713375574","12","6","2","2","deaths",0
"16.241320996466","8.09546895679147","25.00102767864","4.29838952408166","2.2384248255324","6.39985969932924","12","7","2","2","deaths",0
"15.8960179915488","7.76884581518857","24.6360846188478","4.22259451649285","2.15570435688541","6.33130353446729","12","8","2","2","deaths",0
"15.4632765127779","7.22613243532584","24.3332005013549","4.27407035614782","2.18037631709942","6.41066455750861","12","9","3","3","deaths",0
"15.5447105292953","7.26248298879311","24.4664467882356","4.3075462378682","2.22860667551688","6.42876349375818","12","10","3","3","deaths",0
"15.5836090814526","7.28733432892268","24.5214150566566","4.3045189076065","2.22894400579623","6.42223462594305","12","11","3","3","deaths",0
"15.2756601876801","7.04749016683548","24.1362857830218","4.28715180627173","2.21210429207994","6.40432566367868","12","12","3","3","deaths",0
"8.0181652825293","0.577837716656737","16.0088971476416","4.84427358832971","2.83732979745086","6.89038431778701","13","3","1","1","deaths",0
"12.966038798048","5.21703075375044","21.2857446204564","6.32587486756928","4.47529445613915","8.20923477846864","13","4","1","1","deaths",0
"10.0399032673892","2.25614252759154","18.4161656384514","6.59058749043131","4.71598135838447","8.49875247476337","13","5","2","2","deaths",0
"10.2018305469409","2.46783889763829","18.519562689602","6.54987486620171","4.67557291155698","8.45773773405158","13","6","2","2","deaths",0
"9.26281858853219","1.51320260869652","17.6040477407591","6.44412500061713","4.56223827516515","8.35988148350595","13","7","2","2","deaths",0
"8.95921246331177","1.21388521898229","17.2972458762856","6.40476225393163","4.52172552076442","8.32172329633494","13","8","2","2","deaths",0
"9.02942100019353","1.21928226871051","17.4421945818534","6.58354939412198","4.6921661011913","8.50910268175236","13","9","3","3","deaths",0
"9.09123923722106","1.26566911351513","17.5215508127649","6.61578119995987","4.73969390951192","8.52547278492126","13","10","3","3","deaths",0
"9.12965194850093","1.28695406476247","17.5796137258329","6.62895019669767","4.76071198317003","8.53050542341098","13","11","3","3","deaths",0
"8.91152980353665","1.12711577858706","17.2951609746027","6.62369854359028","4.75922615003534","8.52135424170064","13","12","3","3","deaths",0
"17.8310533886271","10.2903922728786","25.8872768202831","2.19209554349709","-1.35832564916756","5.87030745674997","14","3","1","1","deaths",0
"23.0514378762487","15.2314357096975","31.4021323274896","5.79125238370708","2.39008984140885","9.30539369823853","14","4","1","1","deaths",0
"20.9410326731664","13.0221459527227","29.4147554955317","5.71054092073033","2.27053832366066","9.26625248014452","14","5","2","2","deaths",0
"21.0404813395341","13.1800191870117","29.4468602156537","5.60367549141367","2.17384383178605","9.14864175665282","14","6","2","2","deaths",0
"20.3211544710447","12.4347709059543","28.7607036203631","5.43173450124894","1.99598267946832","8.98322020068594","14","7","2","2","deaths",0
"19.99246793685","12.0786694653268","28.4650543253485","5.44404663656892","1.98946441450762","9.01564230112148","14","8","2","2","deaths",0
"19.5140226444479","11.6452394615908","27.9373995482502","5.772848923894","2.30968731206838","9.35323783515454","14","9","3","3","deaths",0
"19.7251474087347","11.8414585113187","28.1645564430169","5.93115045939481","2.47347320555922","9.50549724357517","14","10","3","3","deaths",0
"19.9177223706693","12.002827964125","28.3919379533433","6.0726114079263","2.60947030895449","9.65263593135472","14","11","3","3","deaths",0
"19.7279551145899","11.8610193994099","28.1481548522066","6.09132648402833","2.63110883180275","9.66820570541216","14","12","3","3","deaths",0
"12.2102901500848","4.80543580497248","20.1383222049332","-0.0189828636628753","-3.86106788805873","3.97664679671355","15","3","1","1","deaths",0
"17.0328005033768","9.42976767595436","25.1640818083619","3.65875683663937","-0.0974011817107212","7.55613964018724","15","4","1","1","deaths",0
"15.4882689830897","7.74649835019863","23.7862991088647","3.45087057425877","-0.337219162930746","7.38294208414694","15","5","2","2","deaths",0
"15.7323182059707","8.05370998343491","23.9565904713629","3.32994942190399","-0.445148639692594","7.24819837147783","15","6","2","2","deaths",0
"14.9280229801892","7.22270315391829","23.1870683876916","3.09050259731571","-0.690641200302744","7.01561115909206","15","7","2","2","deaths",0
"14.4467797396292","6.71321617526879","22.7407987709656","3.06700630759056","-0.738049087848514","7.01792269436934","15","8","2","2","deaths",0
"13.7716820135116","6.10082123364024","21.9971295008185","3.31335770348855","-0.486302221312906","7.25809730944356","15","9","3","3","deaths",0
"13.966121840444","6.27422707709631","22.2147390253765","3.45738551465749","-0.347003512614874","7.40701228069331","15","10","3","3","deaths",0
"14.1818046432658","6.44481364867346","22.4811624418245","3.60802326799208","-0.214349296595429","7.57681500126286","15","11","3","3","deaths",0
"14.1050594564134","6.40274909237222","22.364926701739","3.62498804845568","-0.196116855955775","7.5923882895871","15","12","3","3","deaths",0
"12.4863543070055","5.06054798874349","20.4370255772592","0.70518058468636","-2.98699699290393","4.53787721479442","16","3","1","1","deaths",0
"16.9120132172131","9.32357059107267","25.0271900250023","3.38093888101787","-0.211542630751171","7.10275322097809","16","4","1","1","deaths",0
"15.2523560139979","7.46595575316877","23.6029166044582","3.38272827481516","-0.253798729124122","7.15183505103536","16","5","2","2","deaths",0
"15.8355975424627","8.1040881633927","24.1200576775512","3.2843437174944","-0.340280321764741","7.04079533431841","16","6","2","2","deaths",0
"14.9099287704246","7.16110151481146","23.2190743037388","3.01944694907241","-0.613257959575386","6.78493158952735","16","7","2","2","deaths",0
"14.2735326632606","6.48764656797467","22.628686877831","2.95176922967821","-0.702142034561515","6.74013523242383","16","8","2","2","deaths",0
"13.5330395131199","5.83175426001599","21.7947406353964","3.09904396993232","-0.534486050837646","6.86530884409666","16","9","3","3","deaths",0
"13.8364724338438","6.07312280850032","22.1680112084228","3.27669316745003","-0.365995160935551","7.05256070788467","16","10","3","3","deaths",0
"14.2750310405872","6.43949040828034","22.687384815883","3.46018430586461","-0.203294191835868","7.25814694905298","16","11","3","3","deaths",0
"14.1413255671049","6.32852295918693","22.5281969468963","3.4845859364911","-0.180113552729222","7.28382797854616","16","12","3","3","deaths",0
"20.2649708052438","12.8278476247668","28.1923169436694","1.22958290505641","-2.33589570491174","4.92522845619396","17","3","1","1","deaths",0
"26.1667423315254","18.5407541647132","34.2833271368535","3.23287537306456","-0.222587460823731","6.80800680821765","17","4","1","1","deaths",0
"24.7089128501497","16.8501494685845","33.0962178054169","3.53595424760644","0.0333693262541512","7.1611792561008","17","5","2","2","deaths",0
"25.5321906027678","17.7231796781033","33.8592019058476","3.45531478299093","-0.0318989771203704","7.06417394482819","17","6","2","2","deaths",0
"24.5493761844823","16.7141808445014","32.9105597597527","3.26991881621546","-0.225451494806428","6.88774133367891","17","7","2","2","deaths",0
"23.9299094141579","16.0338944783697","32.363241934144","3.22423548101676","-0.28787488572678","6.86005115655852","17","8","2","2","deaths",0
"23.3092704898474","15.5474444639787","31.5924922379265","3.36454737106258","-0.128117520903404","6.97935583081528","17","9","3","3","deaths",0
"23.906367248379","16.0477472828797","32.2971639187961","3.60208975742498","0.100786417253507","7.22586091746749","17","10","3","3","deaths",0
"24.700377475073","16.762288779673","33.1781374358671","3.8498687585022","0.335672778877494","7.48714731724538","17","11","3","3","deaths",0
"24.5897423208514","16.6461190282724","33.0743278978173","3.92216217632535","0.404196263348555","7.5633907080517","17","12","3","3","deaths",0
"15.2238630220291","7.46374108524961","23.5443552927049","3.5567692576955","0.18411170039101","7.04296596612668","18","3","1","1","deaths",0
"24.0435804507914","15.9524289579017","32.6993318668501","5.25566402374147","1.9689136601899","8.64835577241272","18","4","1","1","deaths",0
"21.9638195534937","13.6447498408864","30.8918652283","5.85563840759287","2.51570632719329","9.30438450977835","18","5","2","2","deaths",0
"23.0516323319528","14.7634155255947","31.9384243681834","5.78415413001367","2.46119585649971","9.21488053560156","18","6","2","2","deaths",0
"21.8949182820679","13.5877480969102","30.8096282559913","5.63128314447023","2.3024523372378","9.06843114537708","18","7","2","2","deaths",0
"21.1351992100472","12.7511248938551","30.1427059062319","5.60114206694096","2.25574643684343","9.05598555020912","18","8","2","2","deaths",0
"20.6273923343121","12.4052008094633","29.4510189616691","5.60671669262958","2.28211337204387","9.03938374865108","18","9","3","3","deaths",0
"21.1881531097859","12.8703308904365","30.1189456812808","5.82735822276033","2.49640381029026","9.26656284582792","18","10","3","3","deaths",0
"22.0457537549843","13.6504220372392","31.0612467830665","6.05940941597634","2.71702277903323","9.51055649134109","18","11","3","3","deaths",0
"21.9945234448314","13.5696752537142","31.0443453966361","6.15442821648089","2.80718504283333","9.61065245851256","18","12","3","3","deaths",0
"8.90112472615519","0.906354767290951","17.5293170977362","3.51744747176825","0.0576363884207565","7.09689252973802","19","3","1","1","deaths",0
"21.1579322822472","12.5291044498559","30.4484260020999","4.90801925382784","1.51560745749366","8.41379743868238","19","4","1","1","deaths",0
"17.799572280188","9.02047384885429","27.2856257131473","5.85781423443543","2.40599631850935","9.42598321722337","19","5","2","2","deaths",0
"19.0316267284517","10.2491800097565","28.5136829168944","5.78172102544017","2.34800111499762","9.3306403759785","19","6","2","2","deaths",0
"17.6906362349761","8.89518200951851","27.1964985207769","5.64260195031481","2.20522205867066","9.19558826872937","19","7","2","2","deaths",0
"16.7164460593012","7.84746600606123","26.3147785034481","5.61962223448473","2.16646415808694","9.18949474158008","19","8","2","2","deaths",0
"16.7600037402207","8.03899418641176","26.1849814141548","5.41819215484569","1.97905321380494","8.97331252818103","19","9","3","3","deaths",0
"17.1415844762247","8.35561606084259","26.6399593528717","5.61064327278464","2.1689878048722","9.16823404175373","19","10","3","3","deaths",0
"17.894180489744","9.02939179725635","27.479733347445","5.8023621532729","2.34866342091373","9.37260402879794","19","11","3","3","deaths",0
"17.8043976150278","8.90052486575699","27.436264559303","5.89357275476883","2.43472597460728","9.46921216491801","19","12","3","3","deaths",0
"5.04904702037623","-2.70029489417427","13.415577856962","6.2311617016823","2.72689008043558","9.85497280850927","20","3","1","1","deaths",0
"15.7420884982808","7.47520363288148","24.6448538558095","7.82799128761544","4.39538789374021","11.3734614115002","20","4","1","1","deaths",0
"11.9032659732777","3.48535878665874","21.0059189271565","9.03071678099161","5.53542509844034","12.6417711464023","20","5","2","2","deaths",0
"13.0530518736714","4.64660284901521","22.1348060040853","8.95147894806954","5.47325616220116","12.5444041162132","20","6","2","2","deaths",0
"11.843549622921","3.43175822905331","20.9394465146112","8.7968036057813","5.31313741394099","12.3957064189414","20","7","2","2","deaths",0
"10.9115134572","2.44253756788335","20.0806238249925","8.7477934463233","5.24490776801492","12.3672663147915","20","8","2","2","deaths",0
"10.8251422049169","2.52243548481885","19.8002377397556","8.3569541683641","4.86454485910059","11.9656746941577","20","9","3","3","deaths",0
"11.1540767612125","2.81418703101093","20.1704661333452","8.51529305392875","5.02621279309687","12.1202841977943","20","10","3","3","deaths",0
"11.8106273170806","3.41003780009086","20.8936448239853","8.67592634511847","5.17930122894206","12.2887947435778","20","11","3","3","deaths",0
"11.7486245226754","3.30449615182988","20.8829774877971","8.77086400619465","5.27205844338126","12.3859553199222","20","12","3","3","deaths",0
"13.8603296380168","6.26098959794332","22.003142586287","5.96871426140859","2.16960040872716","9.90909582980875","21","3","1","1","deaths",0
"23.3637492264112","15.4150125338948","31.8599226311873","8.62298552063401","4.90401234950544","12.4738007551671","21","4","1","1","deaths",0
"20.8383079446944","12.6461028446682","29.6262924166306","9.9285476632162","6.15544269002237","13.835760891041","21","5","2","2","deaths",0
"21.878228293426","13.7281606926152","30.6123517823585","9.84178872226211","6.08493499740947","13.7316863134308","21","6","2","2","deaths",0
"21.0018890614822","12.8344052462508","29.7605736875521","9.68706142814844","5.92135077981366","13.586650436064","21","7","2","2","deaths",0
"20.3121318219863","12.0786838713297","29.1504197191397","9.61017110473681","5.82441505904718","13.5313585518613","21","8","2","2","deaths",0
"19.3553798067936","11.2803199837986","28.0164065928099","9.00834150149878","5.24656227176736","12.9045762675231","21","9","3","3","deaths",0
"19.5749156606798","11.499732293875","28.2349308030053","9.10278162565448","5.34923876457931","12.9900614190051","21","10","3","3","deaths",0
"20.0626825117265","11.9692683813453","28.7411085228923","9.21481691834514","5.46159369529529","13.101611843362","21","11","3","3","deaths",0
"20.1889569266737","12.0546341084338","28.9137703411999","9.30497488674038","5.55766882884599","13.1853106226045","21","12","3","3","deaths",0
