"base","base.low","base.high","hazard","hazard.low","hazard.high","max.lag","df.date","df.tmmx","df.rmax","cause","mobility"
"9.03510196259254","5.93347044709012","12.227546306348","-0.0211129815763211","-1.06483541299","1.03362026200293","0","3","1","1","cases",1
"10.8154232008739","7.71046114794041","14.009891781283","1.32148045654363","0.298688627073185","2.35470216441778","0","4","1","1","cases",1
"10.993365247004","7.90578274233189","14.1692948771118","1.51246671789207","0.461733054451074","2.57419005071184","0","5","2","2","cases",1
"10.2312652576824","7.10908441755127","13.4444562418315","1.38577657896479","0.339764445404889","2.44269307720604","0","6","2","2","cases",1
"10.5788429362034","7.47606319634726","13.7711983622891","1.66210693236539","0.624098188463407","2.71082347064082","0","7","2","2","cases",1
"10.916057592887","7.84486675923013","14.0747093639086","1.66197777903432","0.62607682723097","2.70854287293463","0","8","2","2","cases",1
"10.2243744865361","7.05573939112454","13.486794823402","1.6428936006152","0.597402678307213","2.69925012421632","0","9","3","3","cases",1
"10.6032492136827","7.44810038492705","13.8510470897081","1.78579509039232","0.740890184368515","2.84153796162205","0","10","3","3","cases",1
"10.5334752341196","7.39031679925557","13.7686293464442","1.70198259480765","0.659297310522278","2.75546859627578","0","11","3","3","cases",1
"10.0999073126083","6.89027535264641","13.4059160223206","1.81274599605532","0.77298325061268","2.86323688044887","0","12","3","3","cases",1
"11.1978533429746","6.63640138947639","15.9544248208843","0.366059684682218","-0.683459242715179","1.4266693122849","1","3","1","1","cases",1
"13.402077857569","8.77021614783389","18.2311823756567","1.7304391005075","0.703358917832686","2.76799454153496","1","4","1","1","cases",1
"14.0868938580937","9.47497646675832","18.8931002340992","1.94787315028755","0.890345937624826","3.0164853066595","1","5","2","2","cases",1
"12.605864687006","7.98953311943515","17.4195349829348","1.81044794885061","0.756641112455481","2.87527647906336","1","6","2","2","cases",1
"13.0302847199236","8.41754895017603","17.8392740619714","2.04266657857592","0.995603036678139","3.10058546494227","1","7","2","2","cases",1
"13.9655856437327","9.36030273676063","18.7648020907784","2.03007432283218","0.98494491033061","3.0860201544529","1","8","2","2","cases",1
"12.4659169733442","7.78833626332351","17.3464858920827","2.03909802286419","0.986882996368266","3.10227641835552","1","9","3","3","cases",1
"13.0659411050893","8.39569122285992","17.9374096309418","2.16992962131808","1.11787870894409","3.23292628469436","1","10","3","3","cases",1
"13.1738429390033","8.51343123832344","18.0344090074143","2.08131267189657","1.0314716992244","3.14206278059701","1","11","3","3","cases",1
"11.9633428376544","7.25020598725747","16.8835996536131","2.19722718839546","1.15092101137348","3.25435636737457","1","12","3","3","cases",1
"16.5392963655476","10.9222237117494","22.4408161223902","-0.429687569605786","-1.59438090887871","0.748790659057375","2","3","1","1","cases",1
"18.9881158553221","13.2614916626673","25.0042843949786","1.21218741980227","0.0749511091514776","2.3623471085005","2","4","1","1","cases",1
"20.2642120158631","14.5193419816098","26.2972738187677","1.41282465917516","0.241658609257911","2.59767394154795","2","5","2","2","cases",1
"17.9369076119874","12.2447564511807","23.9177188925348","1.20201861718678","0.03363967609602","2.38404406113801","2","6","2","2","cases",1
"18.3886856533461","12.6978824280789","24.3668522314198","1.39138962447316","0.230405312935145","2.56582179714102","2","7","2","2","cases",1
"20.0105865192104","14.2751439772655","26.0338895705107","1.37601136205647","0.216658517151402","2.54877613905824","2","8","2","2","cases",1
"18.0107477277707","12.2273370042745","24.0921949233912","1.38759688167789","0.222866830056589","2.56586272743538","2","9","3","3","cases",1
"18.8526335120789","13.0702601474848","24.930715418282","1.51509382568704","0.3503878298448","2.69331785654725","2","10","3","3","cases",1
"19.0493056889354","13.2654484902715","25.1285133633219","1.42245810533665","0.260013127706493","2.59838082233532","2","11","3","3","cases",1
"17.1433648451125","11.3447972770356","23.2439077785753","1.54924553725768","0.392676315139395","2.71913896204341","2","12","3","3","cases",1
"23.1581522898977","16.5582558929398","30.1317556552456","-0.634467119662774","-1.88374833268046","0.630720770614568","3","3","1","1","cases",1
"25.8890013587975","19.1673827435752","32.9897518788106","1.26582096161332","0.0446543565193025","2.50189338938207","3","4","1","1","cases",1
"28.0852544810517","21.2914673277612","35.2595757716654","1.48799753235811","0.229559587235495","2.76223586678952","3","5","2","2","cases",1
"24.9773573922085","18.2963815263713","32.0356519718048","1.21071819412808","-0.0471078026078819","2.48437290980636","3","6","2","2","cases",1
"25.3606982366042","18.6846577255179","32.4122676303599","1.34490091878676","0.0939356682368997","2.61150062358841","3","7","2","2","cases",1
"27.7483886766398","20.9606593195474","34.91701269886","1.32235978532551","0.0731339352155302","2.58717988299442","3","8","2","2","cases",1
"25.4151057355896","18.5876575795277","32.635630618818","1.36331813141897","0.108991547636061","2.63336093763566","3","9","3","3","cases",1
"26.437206815464","19.6057049742397","33.6589025643846","1.47954360928579","0.224588738513098","2.75021230585211","3","10","3","3","cases",1
"26.7548216147325","19.9101432460075","33.9902060630522","1.38991598313583","0.138059731923601","2.65742206896529","3","11","3","3","cases",1
"24.3090245010173","17.4841393464233","31.5303806825305","1.51534713085208","0.269904421199652","2.7762593630096","3","12","3","3","cases",1
"28.4818005546206","20.8918963580326","36.5482184584862","-0.711013116895098","-2.07114360886338","0.668008180330748","4","3","1","1","cases",1
"31.0060939399552","23.3063028174567","39.1866940882329","1.48463770300009","0.154554460895295","2.83238485904722","4","4","1","1","cases",1
"33.9915166634376","26.1785701759553","42.288238904054","1.68291132615874","0.309235468879487","3.07539886465609","4","5","2","2","cases",1
"29.8313266565023","22.2067209444962","37.9316395294096","1.30743228160535","-0.0705324047779454","2.70439823680968","4","6","2","2","cases",1
"29.8737263785073","22.2766879475859","37.9427680496999","1.35937118982039","-0.0146839838986002","2.75230941252749","4","7","2","2","cases",1
"33.15830525809","25.3814227437893","41.417555098568","1.31698388727783","-0.055325778581361","2.70813631623252","4","8","2","2","cases",1
"29.8879115648468","22.0704435716067","38.2060151258563","1.39148305071639","0.0105766752436676","2.79145643371188","4","9","3","3","cases",1
"31.0260416289625","23.2045804765091","39.3440367115891","1.4946073479398","0.112392288233876","2.89590614371085","4","10","3","3","cases",1
"31.5679835076923","23.7280390177261","39.9047008398834","1.39218531543008","0.0133802953253159","2.78999882497748","4","11","3","3","cases",1
"28.4965312395457","20.699507888079","36.7972316499088","1.4964247766291","0.123490844117069","2.88818493630472","4","12","3","3","cases",1
"34.9075322531357","26.255477408198","44.1524964480399","-0.0893333227270476","-1.51584937802477","1.3578454284783","5","3","1","1","cases",1
"36.6925109645909","27.9730493726912","46.0060742898266","2.34938174160331","0.947798572431391","3.77042482379846","5","4","1","1","cases",1
"40.3902896331048","31.5169104457003","49.8623512099955","2.53745255771101","1.08824378030317","4.00743730274848","5","5","2","2","cases",1
"35.2236213494072","26.6163768453405","44.4159770357602","2.08824859061147","0.632344661703788","3.5652158889292","5","6","2","2","cases",1
"34.8111861672532","26.2619647830646","43.939276939396","2.07753669053827","0.621731570470407","3.55440454242897","5","7","2","2","cases",1
"39.1272537172479","30.3154464863455","48.5349070183453","2.00112153012102","0.545442806761631","3.47787530657566","5","8","2","2","cases",1
"34.999777109815","26.0833339775444","44.5467790607886","2.15188488083438","0.685906889045551","3.63920738387418","5","9","3","3","cases",1
"36.2347941729918","27.3092867613888","45.7860586254293","2.24646617158419","0.777687409747507","3.73665156723704","5","10","3","3","cases",1
"37.1453399157317","28.1953246837559","46.720204555049","2.11656143930383","0.650724569271821","3.6037461708514","5","11","3","3","cases",1
"33.5850900219636","24.6921045818544","43.1123192283737","2.19968084492623","0.738513790407858","3.68204147358897","5","12","3","3","cases",1
"38.6497885677032","29.2631789493852","48.7180187437299","0.38356334000309","-1.14977273290953","1.94068407763017","6","3","1","1","cases",1
"40.0279819972477","30.6002943761223","50.136229293266","3.23857680528845","1.73026199744841","4.76925480688108","6","4","1","1","cases",1
"44.437317641951","34.7910420937066","54.773925652259","3.401048781694","1.84060933464141","4.98539785854777","6","5","2","2","cases",1
"38.7714602613053","29.4457790953121","48.768992837345","2.81521609088","1.24297905502353","4.41186893630656","6","6","2","2","cases",1
"38.0879818876394","28.8393716636093","48.0004946902955","2.68693208262965","1.10877426269591","4.28972260257168","6","7","2","2","cases",1
"43.0809784970455","33.5054188634151","53.3433367870737","2.55236771730982","0.971124121719846","4.1583741481197","6","8","2","2","cases",1
"38.5713498546036","28.845951563823","49.0308291992811","2.85447607136919","1.25839790155338","4.47571230784374","6","9","3","3","cases",1
"39.880534828008","30.1318276541811","50.359557507843","2.93501091633592","1.33377838833173","4.56154542803713","6","10","3","3","cases",1
"41.0705759540888","31.294799233641","51.5742246926658","2.75768472257758","1.15861289275132","4.38203399190031","6","11","3","3","cases",1
"37.3423178445955","27.6362209612697","47.7865149004193","2.8188629240226","1.22398376532948","4.43887090531503","6","12","3","3","cases",1
"40.1611589180421","30.0880398587969","51.0142707244443","1.01359277690405","-0.579499299642883","2.63221220793499","7","3","1","1","cases",1
"41.2060100938877","31.1248720394359","52.0622058692144","4.1672925662193","2.60086275876226","5.75763740007784","7","4","1","1","cases",1
"46.5833154345153","36.1924325813076","57.7669768909293","4.35544928407934","2.72935714443996","6.00728066438074","7","5","2","2","cases",1
"40.3461093522233","30.3351062711318","51.1260547816728","3.71962609418006","2.07887108894675","5.38675361860839","7","6","2","2","cases",1
"39.012239604088","29.1123289160903","49.6712430329039","3.54948649129281","1.8996150099708","5.22607128163577","7","7","2","2","cases",1
"44.5983034880231","34.3268524195365","55.6551724022492","3.37697419401788","1.72137554710672","5.05951906403026","7","8","2","2","cases",1
"38.8063216426938","28.423575439612","50.0284886324075","3.7713990971904","2.0982007552848","5.47201802702648","7","9","3","3","cases",1
"39.9950567888353","29.5691213241329","51.2599277128761","3.85669522483729","2.17629696767405","5.56472942484127","7","10","3","3","cases",1
"41.6043614213168","31.1552261879045","52.8859791283569","3.64098592029327","1.96152545445509","5.34810963894905","7","11","3","3","cases",1
"37.8223958683538","27.4528666364642","49.0355870697909","3.68809444293539","2.0116313514962","5.39210859359911","7","12","3","3","cases",1
"43.3790563298393","32.5295313313256","55.1167772761609","0.705400907828957","-0.988515759737463","2.42829758411536","8","3","1","1","cases",1
"44.6203014938316","33.7607302973089","56.3615237273233","4.1546034822278","2.47989495279965","5.8566798056982","8","4","1","1","cases",1
"50.3774012352292","39.1582657409798","62.5010392437068","4.3515479112842","2.60287851313723","6.13002002752572","8","5","2","2","cases",1
"43.4330474748457","32.6681602888532","55.0714132398344","3.58349654675796","1.814493539733","5.38323556719384","8","6","2","2","cases",1
"41.3835936258752","30.7771683351595","52.850232200604","3.28793163829706","1.50406487589196","5.10314867844626","8","7","2","2","cases",1
"47.6110854755485","36.5833009521499","59.5292572618609","3.08165678689043","1.28960595802174","4.90541320038327","8","8","2","2","cases",1
"41.2967612741872","30.1503610478729","53.3977669046269","3.49561540688805","1.68449807744193","5.33899080952172","8","9","3","3","cases",1
"42.4689573641925","31.2538664595149","54.6423306219389","3.55105897031063","1.73068857098964","5.40400310364708","8","10","3","3","cases",1
"44.459727504813","33.2176191885395","56.6505466610241","3.31014462191013","1.490016543235","5.16291498734034","8","11","3","3","cases",1
"40.6319817892864","29.481412879174","52.7428057989875","3.30639754856634","1.48654962806136","5.15887882261328","8","12","3","3","cases",1
"43.0202274906719","31.4290197451913","55.6337064001569","1.34591882181081","-0.418070064597365","3.14115491133495","9","3","1","1","cases",1
"43.6144712239761","32.0852013802669","56.150091981641","5.09012172474475","3.33175533001504","6.87840972845364","9","4","1","1","cases",1
"49.7983267092039","37.8509034492408","62.7812232158495","5.38781937821433","3.55003240303442","7.25822305942281","9","5","2","2","cases",1
"42.2850975587455","30.8746521421672","54.6903747664583","4.57164410446125","2.71739452510109","6.45936651009833","9","6","2","2","cases",1
"39.1986440058676","28.0230856234353","51.3497538253784","4.26942972225643","2.4036575190028","6.16919588626079","9","7","2","2","cases",1
"46.2911307961893","34.6192611653813","58.9749844439887","4.05106498344388","2.17706646050368","5.95943394375944","9","8","2","2","cases",1
"38.904566049391","27.1570885897511","51.7373406654481","4.5662971244242","2.67250983218972","6.4950151913528","9","9","3","3","cases",1
"39.7835666900246","27.9446087513281","52.7180059189615","4.63877029662401","2.73554658400188","6.57725211241225","9","10","3","3","cases",1
"42.5450916827169","30.6274919229319","55.5499754586279","4.37428351281939","2.4711203436","6.31279351963094","9","11","3","3","cases",1
"38.7812778979159","26.9670945652832","51.6947612365457","4.36890088115591","2.46651014520076","6.30661135725954","9","12","3","3","cases",1
"42.8938468788094","30.7626008219346","56.1505457025105","1.70397843700825","-0.212359507503135","3.65711804452569","10","3","1","1","cases",1
"43.5814917726397","31.5163275502278","56.7535009809578","5.85227280745269","3.93941586041828","7.80033316283346","10","4","1","1","cases",1
"50.4472859874282","37.9043189678928","64.1310876293353","6.2849376151489","4.28214928891459","8.32619044472393","10","5","2","2","cases",1
"42.477075496406","30.528188371837","55.5197945763298","5.3777448048121","3.35448055152119","7.44061641926237","10","6","2","2","cases",1
"38.4803569859644","26.8295449548938","51.2014355785969","5.01706981291661","2.982868777148","7.09145203515884","10","7","2","2","cases",1
"46.0405215058747","33.8685793408144","59.3191922012527","4.7858125314358","2.74433425627938","6.86785395372926","10","8","2","2","cases",1
"38.1772193282835","25.9004999736667","51.6510573452056","5.31025672527194","3.25105127018679","7.4105303056119","10","9","3","3","cases",1
"38.8446840239091","26.4500904334621","52.4541913383852","5.38254497237129","3.31410418759943","7.49239779196407","10","10","3","3","cases",1
"42.1493147783795","29.6394581348922","55.866338710994","5.10952728124054","3.04337359875322","7.21711003277485","10","11","3","3","cases",1
"38.4764371356523","26.0869324804803","52.0833544328862","5.11896729870231","3.05459399608634","7.22469380031023","10","12","3","3","cases",1
"40.6344806067948","28.0670434304419","54.4351818060449","2.70781962846167","0.69449680821343","4.76139756599057","11","3","1","1","cases",1
"41.1910627223647","28.6998710317587","54.8946089289513","6.90322258873324","4.8952862772748","8.94959540552915","11","4","1","1","cases",1
"48.6338655099004","35.606566525381","62.9126563888061","7.39132219177532","5.29973079298736","9.5244593243134","11","5","2","2","cases",1
"40.3400791133516","27.9704103357448","53.9054048031014","6.4769546675054","4.3663586991155","8.63023311899915","11","6","2","2","cases",1
"35.414739237151","23.4098977292443","48.5873656819365","6.11176438956986","3.99134203182849","8.27542295224293","11","7","2","2","cases",1
"43.4315029879964","30.8695956601199","57.1992023481489","5.89290180995172","3.76719677117592","8.06215261321261","11","8","2","2","cases",1
"34.9663189465389","22.280463531652","48.9682548125418","6.41308898029864","4.26850523147295","8.60178230416349","11","9","3","3","cases",1
"35.4221655588554","22.5801404143256","49.6095767443483","6.47891247561101","4.32572833401268","8.67653629687095","11","10","3","3","cases",1
"39.3110240215522","26.3004772050109","53.6618217398432","6.22870930946688","4.08077674912644","8.42096911666186","11","11","3","3","cases",1
"35.8238676545614","22.9564855526205","50.0378198167412","6.263421158503","4.11908010942408","8.45192508848647","11","12","3","3","cases",1
"45.9847365358079","32.3778073994966","60.9903028316081","2.5513496961884","0.233709935181947","4.92257875430129","12","3","1","1","cases",1
"46.4441308277256","32.9205561047139","61.3436181909524","6.85562959842254","4.5508879734971","9.21117742940345","12","4","1","1","cases",1
"54.255390038093","40.1471062890904","69.7839219507059","7.38473181111012","4.99243984949274","9.83153303870727","12","5","2","2","cases",1
"45.2074653867558","31.8543780088291","59.912839622466","6.40149825966376","3.9841222982008","8.87507228684972","12","6","2","2","cases",1
"39.0564147821747","26.1567450831562","53.2750902801624","5.9547501260486","3.52487964236292","8.44165299255746","12","7","2","2","cases",1
"47.5484001968473","34.0683155141097","62.3838586855209","5.78152932443827","3.35205331330448","8.26811454143159","12","8","2","2","cases",1
"38.8084656951667","25.1614122058958","53.9435342655766","6.15153021258243","3.71161453487676","8.64884725792674","12","9","3","3","cases",1
"39.1361594879586","25.2769743728245","54.5285634010176","6.17674358248279","3.73008174378415","8.68111437168364","12","10","3","3","cases",1
"43.7045744909613","29.6154963126639","59.325121741717","6.03422949901251","3.60085546555864","8.52475855459507","12","11","3","3","cases",1
"40.2285060431089","26.3268462047642","55.6599764646119","6.14735001531703","3.72147330019701","8.62996404480134","12","12","3","3","cases",1
"49.3726030495145","34.8871054475417","65.4136951620269","2.63188037964575","0.169832153754412","5.15444264790177","13","3","1","1","cases",1
"50.4448670916782","35.9745909133835","66.4550551849092","6.95329175124655","4.50623705535853","9.45764519650487","13","4","1","1","cases",1
"58.7146023409906","43.5697400656654","75.4570634782602","7.455948358231","4.9205603699535","10.0526035779114","13","5","2","2","cases",1
"49.1518155999011","34.8493766476352","64.9712045379116","6.47230056823866","3.91281156181482","9.0948326573733","13","6","2","2","cases",1
"41.7977928828892","28.0460707917926","57.0264041850437","6.01327060271226","3.44370433880223","8.64666550488336","13","7","2","2","cases",1
"50.5890970661895","36.2354798532994","66.4549952745739","5.85151298139093","3.2847421588954","8.48207166177817","13","8","2","2","cases",1
"41.2825225664918","26.8380537448295","57.3719447233711","6.2160871240672","3.64352718783956","8.85250116488827","13","9","3","3","cases",1
"41.4926458087661","26.7903322227302","57.8998056633834","6.23050136350931","3.65173738476363","8.87342271989151","13","10","3","3","cases",1
"46.6285865494715","31.6227589739497","63.3451734418592","6.13759297051264","3.5779571571156","8.7604829325437","13","11","3","3","cases",1
"43.3450338232754","28.5639233936312","59.8255418737","6.31207427140859","3.76538022634743","8.92127134537015","13","12","3","3","cases",1
"49.2231957889549","33.9978772937407","66.1784694742245","4.42915206677892","1.43618211354446","7.51043241334952","14","3","1","1","cases",1
"50.7513387498209","35.5417734995245","67.6676167657123","10.3231233248691","7.27126119523946","13.4618107826854","14","4","1","1","cases",1
"60.2276433819204","44.1612835016274","78.0845528018212","10.6018995379487","7.46838141389536","13.8267834730861","14","5","2","2","cases",1
"50.4571398501847","35.314413480211","67.2944540768278","9.3510734655381","6.20238280938903","12.5931165737307","14","6","2","2","cases",1
"41.9646655609371","27.4687778988917","58.1090412886429","8.69822330662109","5.54000284731604","11.9509515942422","14","7","2","2","cases",1
"50.9706178310513","35.8450769624647","67.780297659127","8.4806923965155","5.32592055652812","11.7299574563085","14","8","2","2","cases",1
"40.7730780673937","25.6602493404396","57.7034870819012","8.97450149572758","5.81341330974829","12.230024576178","14","9","3","3","cases",1
"41.1165467999829","25.6801728689813","58.4488573349714","8.92840964336223","5.76392967776411","12.1875715433701","14","10","3","3","cases",1
"46.8702268308162","31.0273789698252","64.6286730218655","8.98226517607887","5.83177775690742","12.2265388963853","14","11","3","3","cases",1
"43.8745976970617","28.2982757612775","61.3419957490881","9.46560903476983","6.31557354193821","12.7089772659343","14","12","3","3","cases",1
"52.7525160087573","36.483054814187","70.9613781635565","2.07823401728486","-1.18761375175219","5.45202130742335","15","3","1","1","cases",1
"55.8643426667024","39.4601611324716","74.19808723616","8.52184269075151","5.1157603193575","12.038292880306","15","4","1","1","cases",1
"67.1980615594635","49.6894153347245","86.7546327623152","8.51755295532077","5.0441844423931","12.1057711278525","15","5","2","2","cases",1
"56.6722695167034","40.2255377766027","75.0480007045492","7.11188614066325","3.63782811499866","10.702398547756","15","6","2","2","cases",1
"46.608040989776","30.9446080499692","64.1451145102336","6.33213114029547","2.85683275824842","9.92485194845054","15","7","2","2","cases",1
"55.9418536245324","39.6257172367971","74.1646323693608","6.08332219683301","2.61489086966882","9.66898812581083","15","8","2","2","cases",1
"45.5768165916288","29.2944245762547","63.9096936964505","6.66979036846993","3.19698103671111","10.2594675052129","15","9","3","3","cases",1
"45.5708849031644","28.939521400576","64.3474576399015","6.58089994359365","3.10909226188654","10.1696075835328","15","10","3","3","cases",1
"51.90658690356","34.7629610423894","71.2311080596577","6.73166328548533","3.26465122453101","10.3150769658541","15","11","3","3","cases",1
"49.2445057565205","32.3978297778213","68.2348006450428","7.38247375684975","3.89996768262131","10.9817060325154","15","12","3","3","cases",1
"60.8026679026997","43.0251360358484","80.789885759276","0.903059326818023","-2.6401916607497","4.57526113891031","16","3","1","1","cases",1
"64.2926299725007","46.3409418196751","84.4464572090927","8.04700882840534","4.30823411521568","11.9197944034848","16","4","1","1","cases",1
"77.5765248833487","58.2553655447428","99.2565754791502","7.96068626137587","4.15822797298453","11.901959210081","16","5","2","2","cases",1
"66.210287134103","48.1021631928252","86.5324513405844","6.45380155185","2.65555546827942","10.3925823901696","16","6","2","2","cases",1
"54.4128361242943","37.2180600208853","73.7622872406088","5.63125653398207","1.82870124130607","9.57580938311902","16","7","2","2","cases",1
"64.1018485269943","46.2463569640214","84.1373504886798","5.35556030326749","1.56099608548601","9.29189860911277","16","8","2","2","cases",1
"53.1932050610424","35.4095318965846","73.3124525886241","5.95325124782784","2.15693197551243","9.89064797557042","16","9","3","3","cases",1
"53.4214682271437","35.1641437387375","74.1449045722512","5.84435884896859","2.05053685917016","9.77921963908357","16","10","3","3","cases",1
"61.1176516943719","42.1375387906274","82.6322441515406","6.11617111467855","2.32030927284417","10.0528512087709","16","11","3","3","cases",1
"58.4894138238486","39.8847403985688","79.5685092073426","6.97433800620704","3.14870881491125","10.9418539828775","16","12","3","3","cases",1
"69.6738719249741","50.3268750569011","91.5108180298122","-0.500805322610398","-4.28926877888173","3.43761472866744","17","3","1","1","cases",1
"74.1553118201498","54.5393070023663","96.2612180906777","7.01739525980627","3.00397014296587","11.1871986322239","17","4","1","1","cases",1
"88.9918375996309","67.7814848528815","112.883529494356","7.00883209731513","2.92664012779948","11.2529286160834","17","5","2","2","cases",1
"76.5735165830628","56.7332086444297","98.9253396147915","5.47207173451272","1.39694081922159","9.71098167353563","17","6","2","2","cases",1
"62.9292846880261","44.1200724174639","84.1933005144336","4.7475228409489","0.669412874062392","8.99083672059511","17","7","2","2","cases",1
"72.7722329948655","53.3250167897516","94.6860670164775","4.48695219348783","0.418384394860127","8.72036275503969","17","8","2","2","cases",1
"60.9739599125701","41.7112018950361","82.8550984214141","5.15512912761893","1.08598886965119","9.38806955833231","17","9","3","3","cases",1
"61.3073541095713","41.485754119726","83.9058826220222","5.05968055066437","0.993769276330392","9.28928147248067","17","10","3","3","cases",1
"70.1989635205688","49.4501293503961","93.8284517342851","5.42398154651065","1.35256968771587","9.65894519856543","17","11","3","3","cases",1
"67.6671699334255","47.3527216717588","90.7822234604311","6.47034831055298","2.36033927937311","10.7453838974799","17","12","3","3","cases",1
"65.5815718706807","45.9731244503018","87.824005592892","-2.65162669894681","-6.59737169632775","1.46080422437764","18","3","1","1","cases",1
"71.0946488113486","51.0701545541976","93.7734090380947","4.93484011016088","0.738526577486742","9.30595317448151","18","4","1","1","cases",1
"85.9202262122703","64.2195007964402","110.48858599119","5.10854806443812","0.836838759570036","9.56121802425893","18","5","2","2","cases",1
"73.6507149159682","53.3762223205278","96.6052516785126","3.48201209416643","-0.773654631521836","7.92019787981681","18","6","2","2","cases",1
"57.5509475091933","38.5400761424136","79.1705458247926","2.83769106169491","-1.4192878523665","7.27849771528029","18","7","2","2","cases",1
"67.5188906018577","47.8479264843724","89.807049552659","2.58160214490255","-1.66513706608932","7.01174318702626","18","8","2","2","cases",1
"55.3604000756615","36.0718695322604","77.3831284499779","3.28890953507157","-0.954253159609642","7.71385115744918","18","9","3","3","cases",1
"54.7877068282001","34.9982784664337","77.4780719969708","3.2326327854943","-1.00972965310401","7.65680742641672","18","10","3","3","cases",1
"63.6187882821275","42.7878577260331","87.4886863999133","3.59036550384282","-0.658425950018082","8.02087572943688","18","11","3","3","cases",1
"62.3494334240857","41.8646593618343","85.7921391535269","4.6775943839406","0.386249100258929","9.15238754528314","18","12","3","3","cases",1
"70.9656623926671","50.0871765653388","94.7485347266747","-3.48961722978005","-7.59915713353775","0.802695013457111","19","3","1","1","cases",1
"78.6364162579647","57.0556497602048","103.18256148194","3.90105190092394","-0.46903432684986","8.46301463174393","19","4","1","1","cases",1
"94.1581446272333","70.7398509452117","120.788438764576","4.22384298749774","-0.233842722984179","8.88070407403692","19","5","2","2","cases",1
"81.3297468463698","59.4702729568094","106.185619938544","2.54053916641512","-1.89191228445267","7.17324552308909","19","6","2","2","cases",1
"62.8922661620595","42.480181868741","86.2286391510604","2.03348941795947","-2.39732133667604","6.66544305322341","19","7","2","2","cases",1
"72.9513244864782","51.8754807479217","96.9518746167748","1.8097062703192","-2.61107113035454","6.43115609909271","19","8","2","2","cases",1
"59.7827944555007","39.3343756785785","83.2321799962958","2.40627534375661","-2.00387320982159","7.01489511147035","19","9","3","3","cases",1
"58.7705026772954","37.8073119418629","82.9226052318303","2.37825433884358","-2.03204585049713","6.98709646905626","19","10","3","3","cases",1
"68.7414121673541","46.4767541635156","94.3903272764157","2.74894349068968","-1.66744609834828","7.3636854689239","19","11","3","3","cases",1
"68.3801115733715","46.4048725612336","93.6538140942196","3.86167204485761","-0.596992359027826","8.52032726127738","19","12","3","3","cases",1
"69.665660747593","48.4591796224915","93.9013573301209","-2.49058277734919","-6.72225950461727","1.9330699543654","20","3","1","1","cases",1
"78.0299851844232","55.9954360678361","103.176941734265","4.91954806186821","0.41200834084838","9.62943324606809","20","4","1","1","cases",1
"93.0836742867012","69.2178503372533","120.315440727741","5.4333907859758","0.819160165522481","10.2588027352933","20","5","2","2","cases",1
"80.7463830429458","58.4477177144315","106.18318429797","3.64139100553531","-0.941729830769433","8.43655871651579","20","6","2","2","cases",1
"60.9932856120585","40.2850950505592","84.7583166467157","3.2058207978956","-1.37418800740432","7.99851713633539","20","7","2","2","cases",1
"70.9158425478101","49.5315370041583","95.3582890879765","2.97259838286419","-1.59671338023913","7.75408405504749","20","8","2","2","cases",1
"58.1480506680802","37.452763466368","81.9592804056887","3.44473423486549","-1.11058227952489","8.20989027531045","20","9","3","3","cases",1
"56.9580374062127","35.7492038443087","81.4804419380977","3.44039684851933","-1.11558617464441","8.20629142906983","20","10","3","3","cases",1
"67.3756676813126","44.7082391367135","93.5937739197993","3.78670731807673","-0.773070345329685","8.5560205623185","20","11","3","3","cases",1
"68.1231192709795","45.6156589279508","94.109503342559","4.85057089083745","0.251907379705707","9.66018007513747","20","12","3","3","cases",1
"63.4378362656443","42.4095032167843","87.5712345020476","-1.88955250556857","-6.22282337015476","2.64395083626514","21","3","1","1","cases",1
"73.9430189897538","51.7746720000555","99.3492949552134","5.69999501783047","1.0707211061052","10.5413004329947","21","4","1","1","cases",1
"88.8807315191075","64.8023894523974","116.477023529432","6.40304289460405","1.64613599304391","11.3825668494249","21","5","2","2","cases",1
"78.0389968493007","55.4400181326896","103.923576308688","4.45277520380711","-0.262801337731255","9.39130428880324","21","6","2","2","cases",1
"56.8763958592572","36.0603572370049","80.8771054078715","4.03166033098987","-0.679886818172948","8.96671383579031","21","7","2","2","cases",1
"66.2084315595518","44.7247760944394","90.8812261934993","3.78783534630183","-0.913249838497165","8.71195945284078","21","8","2","2","cases",1
"53.9706546429928","33.2696466439609","77.8871865288768","4.16373451628314","-0.515324411006768","9.06286344244906","21","9","3","3","cases",1
"52.1820459649343","31.0476837294148","76.7247955476457","4.19907680508438","-0.482785626262194","9.10120098676226","21","10","3","3","cases",1
"62.3137722495882","39.6138152896721","88.7045390689219","4.45999757737221","-0.220236282446729","9.35976081034744","21","11","3","3","cases",1
"64.8519666173366","42.0634898454506","91.2959545564321","5.43283218351467","0.721171310856294","10.3649010189679","21","12","3","3","cases",1
"1.2577728661227","-3.45002234641556","6.19512106564057","-0.903596791708439","-2.5009938997556","0.719971634620409","0","3","1","1","deaths",1
"2.20377252881678","-2.46847776729815","7.0998471058392","0.180154597513904","-1.37185868265329","1.75659037200822","0","4","1","1","deaths",1
"4.50596490426318","-0.094489092298311","9.31826083809311","1.39324365659477","-0.186109867790862","2.99758726554362","0","5","2","2","deaths",1
"4.3899711309024","-0.233619948412278","9.22783874764046","1.33475404493686","-0.247012280813297","2.94160217291155","0","6","2","2","deaths",1
"4.31609228394885","-0.312905828258947","9.16003921877864","1.34009357114635","-0.240830782908386","2.9460714800057","0","7","2","2","deaths",1
"4.54979408651677","-0.0276578414142636","9.33683464366366","1.41532566430711","-0.155852123933953","3.01122798267612","0","8","2","2","deaths",1
"4.00017846029557","-0.629747832319127","8.84582542391019","1.64687644095576","0.0743300831296256","3.2441334518081","0","9","3","3","deaths",1
"4.01585099144655","-0.602492402416577","8.84877819348715","1.63631939639091","0.0658428053998961","3.23144372584796","0","10","3","3","deaths",1
"3.96653452602185","-0.664250899205443","8.81319564402454","1.62460617339544","0.0503015079786229","3.22368272997298","0","11","3","3","deaths",1
"4.04002679006989","-0.585198198133008","8.88043810670438","1.63778494044824","0.0637334442021187","3.23659703703929","0","12","3","3","deaths",1
"-1.50290670751784","-7.95799727282889","5.40489232753261","-0.666200310506204","-2.26948307615565","0.963384532606248","1","3","1","1","deaths",1
"-0.693262923607851","-7.16666148539672","6.2315347757137","0.422917875910311","-1.13255776869939","2.00286572720776","1","4","1","1","deaths",1
"2.34403932486851","-4.2025130398804","9.33796613778264","1.64222152276925","0.0573537374640498","3.25219296915553","1","5","2","2","deaths",1
"2.14638259837787","-4.41938167819668","9.16317200214298","1.58846512281108","0.00119254967994031","3.20093173770488","1","6","2","2","deaths",1
"1.91950563873982","-4.65480168411961","8.94712909643187","1.58938142372238","0.00317012373673986","3.20075258899117","1","7","2","2","deaths",1
"2.42556163196783","-4.10522181617952","9.40111520477034","1.64891104423166","0.0717818644492052","3.25089574675366","1","8","2","2","deaths",1
"1.7214920177518","-4.81533440106777","8.70723633065553","1.87122450401267","0.294882679507835","3.47234180540423","1","9","3","3","deaths",1
"1.78190581913305","-4.73575228107516","8.74548007496496","1.86064643970101","0.286379720916341","3.45962554424306","1","10","3","3","deaths",1
"1.6476141355878","-4.87239514987522","8.61450233857957","1.84958768697279","0.272049140727471","3.45194499264527","1","11","3","3","deaths",1
"1.79791881629552","-4.73589185546999","8.77985924779916","1.86036715348989","0.282904283907159","3.46264371512393","1","12","3","3","deaths",1
"-0.174009150972942","-7.65685286150263","7.91519195294548","-1.40810350594597","-3.16208228528301","0.37764425016138","2","3","1","1","deaths",1
"0.235353853104092","-7.25615507577266","8.33199950105146","-0.0698284958673856","-1.75995204302737","1.6493719671133","2","4","1","1","deaths",1
"3.89101804250578","-3.82050953960489","12.2208443634119","1.26283399713787","-0.452533113933407","3.00775971394556","2","5","2","2","deaths",1
"3.63877930777952","-4.08235077457368","11.9814409876024","1.20177040632687","-0.517465118051263","2.9507173849999","2","6","2","2","deaths",1
"3.25836152929819","-4.46135249486179","11.6018439044976","1.18024713982769","-0.538462843932108","2.92865668477202","2","7","2","2","deaths",1
"4.02085110956252","-3.67604202989609","12.3327746656349","1.22959438916188","-0.4795414338716","2.96808242081323","2","8","2","2","deaths",1
"3.72660056676457","-3.9888967793927","12.0621189032211","1.46740922012507","-0.236229528935761","3.20014054431208","2","9","3","3","deaths",1
"3.79640833351993","-3.89534027451368","12.1037670151772","1.45195054137506","-0.24926369795808","3.18217840000969","2","10","3","3","deaths",1
"3.57523055346378","-4.1087481657592","11.8749435323618","1.44019640729702","-0.264744342644041","3.17428254761833","2","11","3","3","deaths",1
"3.84435935816838","-3.88010084995916","12.1895784937872","1.45707521699996","-0.247251287318129","3.19052100746109","2","12","3","3","deaths",1
"4.10555585999532","-4.43634286303148","13.4109669472452","-2.02070724469319","-3.90526444206908","-0.0991911461916462","3","3","1","1","deaths",1
"4.35788383352833","-4.15537061398483","13.6273152494578","-0.460227371782496","-2.28380559468071","1.39738244183889","3","4","1","1","deaths",1
"8.76307483202616","-0.0846639109027714","18.3943017152874","0.993212166723878","-0.858182336348068","2.8791799879655","3","5","2","2","deaths",1
"8.44613238319567","-0.399969385380139","18.0779117867793","0.927637878029786","-0.928805758509321","2.81886844736035","3","6","2","2","deaths",1
"7.93971837895076","-0.899600273362144","17.5674652762824","0.883840258644364","-0.971868368021933","2.77432339282011","3","7","2","2","deaths",1
"8.92753175328034","0.0902078844694953","18.5451346804822","0.914204761142257","-0.931642528376619","2.79444398268847","3","8","2","2","deaths",1
"9.49773969413124","0.555568011162677","19.2351178086204","1.19149085987691","-0.648444715019203","3.06550101881007","3","9","3","3","deaths",1
"9.53732489978749","0.629495252161538","19.2336850754886","1.16869426768311","-0.66841096964616","3.03977616526687","3","10","3","3","deaths",1
"9.21132863353549","0.320302525677274","18.8903342755501","1.16203975417659","-0.678644308250753","3.03683649855513","3","11","3","3","deaths",1
"9.70597801131352","0.736577094927715","19.4739980104487","1.1795198807836","-0.661199621241648","3.05434738765911","3","12","3","3","deaths",1
"7.77768469518425","-1.91355824630584","18.4264523268535","-2.36433996938611","-4.43498331319567","-0.248831213463307","4","3","1","1","deaths",1
"7.45525059458851","-2.12662699467632","17.975201280922","-0.500237282057292","-2.50463676856915","1.54537049547854","4","4","1","1","deaths",1
"12.2040053553818","2.21858271340794","23.1648735835894","1.07389697204132","-0.958225962634363","3.14771467300903","4","5","2","2","deaths",1
"11.794732557442","1.82175152826662","22.74452206924","0.999722781848966","-1.03981899316133","3.08129894493019","4","6","2","2","deaths",1
"11.1254745841561","1.15899393421219","22.0738821264364","0.932749673971212","-1.10745555856138","3.01504541407809","4","7","2","2","deaths",1
"12.4068871873134","2.42965819391547","23.3559548077451","0.944323404115344","-1.08519029483681","3.01547824726536","4","8","2","2","deaths",1
"13.5944169857875","3.37169175383216","24.8280970487514","1.22085988036342","-0.806595380681796","3.28975514290184","4","9","3","3","deaths",1
"13.577745417827","3.40670351267707","24.7492069275303","1.1886142313738","-0.836302462371152","3.25487960128175","4","10","3","3","deaths",1
"13.1098532140477","2.96663568263318","24.2522765678871","1.18618369517935","-0.84224977314864","3.25611207768219","4","11","3","3","deaths",1
"13.9204117705925","3.64121879286146","25.2191007510154","1.20836766161063","-0.819311879058715","3.27750168699412","4","12","3","3","deaths",1
"16.643351885094","5.2981539765524","29.2109217984918","-2.57287956781753","-4.81664992383527","-0.276216500978888","5","3","1","1","deaths",1
"15.3751531120531","4.26674349437426","27.6670346604611","-0.412469614685562","-2.58600987633206","1.80956755446879","5","4","1","1","deaths",1
"20.0753079385753","8.53588403163321","32.841591563777","1.30909215650528","-0.895257386370663","3.56247221779065","5","5","2","2","deaths",1
"19.5407500781937","8.02980887362035","32.2782209674596","1.23479647079532","-0.978050494819016","3.49709400487146","5","6","2","2","deaths",1
"18.8614370562814","7.33804741673301","31.6219323818435","1.13819269798496","-1.07772288789404","3.40374606037992","5","7","2","2","deaths",1
"20.4685452549028","8.92164002777318","33.2395508563045","1.10525774445993","-1.1045213608876","3.36441346198051","5","8","2","2","deaths",1
"21.963405991553","9.99935800221583","35.2287201599917","1.41884971427382","-0.790050597909797","3.67693098682047","5","9","3","3","deaths",1
"21.870221587677","9.97909723590322","35.0470342375285","1.36824003977816","-0.839013374972464","3.6246253541069","5","10","3","3","deaths",1
"21.216399779651","9.37132098760498","34.3443184452839","1.38133637069322","-0.829313053121694","3.64126417530257","5","11","3","3","deaths",1
"22.5091454211785","10.4464912224359","35.8892486824305","1.41204978959379","-0.797087655578843","3.6703822446339","5","12","3","3","deaths",1
"21.0277300425333","8.63877208355199","34.8295010917745","-2.35269513081132","-4.75512049879788","0.110328220804079","6","3","1","1","deaths",1
"19.5360353198745","7.42974346494911","33.0065890425987","0.17224207471791","-2.14834647478066","2.54786424932201","6","4","1","1","deaths",1
"24.3364582636743","11.7454917005342","38.3461168615586","2.10601189037851","-0.237238144429219","4.50430070542347","6","5","2","2","deaths",1
"23.7718402103439","11.2230156821459","37.7364957702192","2.05538316549654","-0.298851328848693","4.4652079928343","6","6","2","2","deaths",1
"23.1711059703933","10.5828689402515","37.1923290773627","1.93437228641873","-0.42763237016944","4.35240720652823","6","7","2","2","deaths",1
"24.8648746709733","12.2532449807864","38.8934184420817","1.83570218089442","-0.527472645513849","4.25501909405464","6","8","2","2","deaths",1
"26.4695979461906","13.3121400333355","41.1548594878328","2.20036218905511","-0.167101511269707","4.62396854833507","6","9","3","3","deaths",1
"26.3002953704702","13.2356065964431","40.8723376871908","2.14405135911915","-0.22425680817123","4.56857442790588","6","10","3","3","deaths",1
"25.5124784325605","12.5076130569909","40.0205889560919","2.17207166467477","-0.199563946746795","4.60006630312866","6","11","3","3","deaths",1
"27.0949489620351","13.8163255271247","41.922751212107","2.21633142064162","-0.153389574869411","4.64229446155267","6","12","3","3","deaths",1
"25.9494163439931","12.6654106785967","40.7996951490817","-2.63039170079348","-5.201084247125","0.0100111382695722","7","3","1","1","deaths",1
"24.2636967699059","11.305783534748","38.7301346304483","0.369410817702875","-2.11498809498994","2.91686573700249","7","4","1","1","deaths",1
"29.5299292174452","16.0115791848358","44.6235167296943","2.54798031246062","0.0274124447043222","5.132063392904","7","5","2","2","deaths",1
"28.9352222221761","15.4690314009962","43.9718626525044","2.52899004201459","-0.00645712765898754","5.12872628641783","7","6","2","2","deaths",1
"28.4864649684516","14.9411593022923","43.6280248111253","2.39185694003776","-0.155842640140069","5.00456556353341","7","7","2","2","deaths",1
"30.1122617927119","16.5611692630154","45.2387684153644","2.21521044845137","-0.342289787896743","4.83834341351659","7","8","2","2","deaths",1
"31.8782479218151","17.7176310077713","47.7422891204766","2.50862623478809","-0.0671577452330374","5.15080143277156","7","9","3","3","deaths",1
"31.7015513730338","17.6433790395906","47.4396500310199","2.4395917838786","-0.140335733741648","5.08617310055859","7","10","3","3","deaths",1
"30.7629485917793","16.781044417768","46.4188713987452","2.48179779674178","-0.103162871018236","5.13364768588163","7","11","3","3","deaths",1
"32.5483188546575","18.2545938340788","48.5697617451279","2.55213427342174","-0.031939596902586","5.20300385570014","7","12","3","3","deaths",1
"27.4683835389407","13.3530857010488","43.3413894429181","-2.28172098451225","-4.88419604834757","0.391960715618","8","3","1","1","deaths",1
"26.0218613182313","12.2425893492411","41.4927223453164","0.867332582041414","-1.66942407209776","3.46953311527509","8","4","1","1","deaths",1
"31.0931987294611","16.7159147995852","47.2415032914007","3.24751083560078","0.650537635778692","5.91149082901794","8","5","2","2","deaths",1
"30.5267415984512","16.214481606128","46.6016114071834","3.25869038432809","0.646295557402365","5.93889303958917","8","6","2","2","deaths",1
"30.2239326221155","15.7742097224728","46.4771184205936","3.12976264565579","0.506788827780502","5.82118946784553","8","7","2","2","deaths",1
"31.6079860250693","17.1925543345016","47.796607761758","2.9389055247911","0.307753527347487","5.63907472768699","8","8","2","2","deaths",1
"33.0516772875647","17.95733473315","50.0775587129233","3.28645790372641","0.637758864393034","6.0048684179588","8","9","3","3","deaths",1
"32.9913047678825","17.9860042674845","49.9049590980855","3.2151176825405","0.562131278522049","5.93809401985117","8","10","3","3","deaths",1
"31.7825749260732","16.8962054889188","48.56467736921","3.26468910060758","0.605675200714129","5.99398089392724","8","11","3","3","deaths",1
"33.7146437644165","18.4780543838112","50.9106986102556","3.34946513006751","0.689842073011571","6.07933951198394","8","12","3","3","deaths",1
"39.8019016053101","23.4024924725552","58.380688273436","-1.35508568969256","-4.02627011832319","1.39044435685411","9","3","1","1","deaths",1
"37.5281737524519","21.6217229663976","55.5149698126729","2.02994087763371","-0.588732400756387","4.71759476460631","9","4","1","1","deaths",1
"41.4918581410063","25.0485106583131","60.0974359054772","4.65205633354924","1.95205902350466","7.42355769700944","9","5","2","2","deaths",1
"40.8200973089794","24.4819203002597","59.3026502023607","4.70666104173261","1.98876287364251","7.49698846814459","9","6","2","2","deaths",1
"41.1408670301258","24.5223358149888","59.9772780974269","4.58620491917228","1.85662052243745","7.38893754074201","9","7","2","2","deaths",1
"41.890394853174","25.4202826688539","60.5233517512179","4.35152868720072","1.61301868552657","7.16384258847635","9","8","2","2","deaths",1
"44.3084513980053","26.8857138048082","64.1235133604247","4.75865088245042","1.99844048298756","7.59355616365094","9","9","3","3","deaths",1
"44.4990742576383","27.1048237057805","64.2737218978172","4.63140713709034","1.86604639735461","7.47183921110601","9","10","3","3","deaths",1
"42.6416716812033","25.4579993302622","62.1789491991389","4.68963614172111","1.91521887639137","7.53958080371468","9","11","3","3","deaths",1
"44.7648935149656","27.2032735382655","64.75106191426","4.79988994334524","2.02337460834099","7.6519667605599","9","12","3","3","deaths",1
"44.9638881505096","27.2403950477389","65.156111467817","-0.470190330844256","-3.25851916636685","2.39850504060493","10","3","1","1","deaths",1
"42.6428225389273","25.4491789676422","62.1929692112224","3.17078586919861","0.421201210044497","5.99565558476272","10","4","1","1","deaths",1
"45.5418638582296","27.9020129743677","65.614548533904","6.07222327644199","3.21758068674842","9.00581544294867","10","5","2","2","deaths",1
"44.9507107691312","27.43041779076","64.8798529953484","6.17045354939854","3.29382124953199","9.12719725659354","10","6","2","2","deaths",1
"45.5486875162901","27.6466987242689","65.9613656243109","6.05220227284182","3.16238724089954","9.02296765056601","10","7","2","2","deaths",1
"45.6028792648362","27.9853300762634","65.6455348247943","5.77620982942635","2.87976989388556","8.75419509024198","10","8","2","2","deaths",1
"49.489938851719","30.5751732450088","71.1446461262489","6.18098058340741","3.2645134796085","9.17981654830811","10","9","3","3","deaths",1
"49.8769661703772","30.9322582024882","71.5628012288381","6.01842504092269","3.098855825561","9.02067106520756","10","10","3","3","deaths",1
"47.627036835316","28.9473584438378","69.012706175504","6.08263860820089","3.15241779785165","9.09609735112316","10","11","3","3","deaths",1
"49.7410348264073","30.6937459123882","71.564273059511","6.19811197564575","3.26437660652621","9.21519460835085","10","12","3","3","deaths",1
"39.9745530319041","21.8318772319153","60.8189575802478","0.484192009663897","-2.47297341633601","3.53102311771172","11","3","1","1","deaths",1
"37.9415279928904","20.3114008645838","58.1551291754149","4.23916586979167","1.33426435171196","7.22734082833822","11","4","1","1","deaths",1
"39.860358000637","21.8930733064101","60.4760566738264","7.26416837836465","4.26565847640126","10.348910523653","11","5","2","2","deaths",1
"39.5464583543691","21.6946951862324","60.0169506932682","7.35396034643996","4.33311120244269","10.4622748161197","11","6","2","2","deaths",1
"39.8315473818149","21.5629045097084","60.8456273898193","7.21905797899194","4.1871111723341","10.339237402285","11","7","2","2","deaths",1
"39.5714336444859","21.6868618911199","60.0845381895636","6.96545404253823","3.93140893102246","10.0880713174971","11","8","2","2","deaths",1
"43.0009184243081","23.6337437607291","65.401952963355","7.36245870679955","4.30673926094121","10.507697021697","11","9","3","3","deaths",1
"43.3378862083993","23.9074280234076","65.8153183424216","7.23038362334303","4.17483574206441","10.3755536555786","11","10","3","3","deaths",1
"40.8379707575026","21.711030362301","62.9707180035097","7.2808916614127","4.21810952185722","10.433683440151","11","11","3","3","deaths",1
"43.0083964212318","23.541511257075","65.5427494683572","7.37428784129657","4.30793630075696","10.5307812454721","11","12","3","3","deaths",1
"49.10753246912","28.9828997288889","72.3721228609503","-0.6971178349089","-4.07178223062553","2.79626407738973","12","3","1","1","deaths",1
"47.2297165522836","27.6395576232506","69.8265791554044","3.09664035921755","-0.219342170315551","6.5228220032417","12","4","1","1","deaths",1
"48.3721593010963","28.5438309697811","71.2590755198915","6.12721483812757","2.71865801954434","9.64887924407141","12","5","2","2","deaths",1
"48.1337360210613","28.425693055252","70.8661501099843","6.21391424625801","2.78706250273189","9.75501492915622","12","6","2","2","deaths",1
"48.955758321875","28.6641384607948","72.4475693279964","6.08762120102435","2.65476372364084","9.63527618056523","12","7","2","2","deaths",1
"47.8602193127994","28.1434733128503","70.6106748164501","5.89177980862352","2.46544530311743","9.43268726219899","12","8","2","2","deaths",1
"52.7143254806594","31.1337285426369","77.846427964793","6.16067697307525","2.71440576784308","9.72257738466096","12","9","3","3","deaths",1
"53.3880586002208","31.6525430509073","78.7120550496852","6.05563420723703","2.61909116022541","9.60726137729475","12","10","3","3","deaths",1
"50.4187675613348","29.0624085484976","75.3090298649493","6.11797891848587","2.67665962110561","9.67463775408468","12","11","3","3","deaths",1
"52.4426542387144","30.7967162177333","77.6708429947077","6.16447996252498","2.71681933370369","9.72786033314343","12","12","3","3","deaths",1
"55.5527047351304","33.7925185667256","80.8519953852816","0.0476493397079336","-3.44282705345174","3.66430408999443","13","3","1","1","deaths",1
"54.6587212898395","33.3034130022598","79.4351662294104","3.84906930540569","0.379300433940211","7.4387762115989","13","4","1","1","deaths",1
"54.5441266960472","33.0796206749842","79.4706580549602","6.87753790358632","3.29377000318576","10.5856443034292","13","5","2","2","deaths",1
"54.1470461411357","32.8593752365009","78.8455785806631","6.95476076358486","3.35238297502467","10.6827004923535","13","6","2","2","deaths",1
"55.3377728544747","33.3286345065138","80.9800555199529","6.82504659760594","3.21940604006508","10.5566387017497","13","7","2","2","deaths",1
"53.8068193654147","32.4994099090629","78.5407021777778","6.62685140979453","3.03073528817788","10.3484839719566","13","8","2","2","deaths",1
"59.7136552297103","36.3238999197624","87.1165047497068","6.86066731027384","3.24149541172072","10.6067107267088","13","9","3","3","deaths",1
"60.9699082800319","37.309208004689","88.7077476318779","6.74052642799148","3.12815179769523","10.4794353774056","13","10","3","3","deaths",1
"57.9532479826666","34.6732279099163","85.2575224896402","6.80246104032458","3.18622248304208","10.5454333900504","13","11","3","3","deaths",1
"59.5148701369091","36.049351236546","87.0276746160613","6.84377934973697","3.22524570411773","10.5891597338179","13","12","3","3","deaths",1
"67.695758640886","43.5586527931371","95.8911352188915","-0.371979900248176","-5.06605860204709","4.5542009826486","14","3","1","1","deaths",1
"67.6805214625985","43.9065897162541","95.3819997639288","5.37138814081903","0.657803239259813","10.3056999200689","14","4","1","1","deaths",1
"68.086463313596","44.0558541865082","96.1257271272975","8.6132023121156","3.75679480483011","13.6969172831791","14","5","2","2","deaths",1
"67.4298149358746","43.6484573012945","95.1482351854578","8.75646809451118","3.87464701307001","13.8677212631507","14","6","2","2","deaths",1
"69.8871759851021","45.0727520596766","98.9460608862003","8.59076959110334","3.7073346926811","13.7041586820405","14","7","2","2","deaths",1
"67.2745353266442","43.4048445706148","95.1173285151225","8.36479514856994","3.49329709205823","13.4655978458787","14","8","2","2","deaths",1
"74.5896662089591","48.2345854750827","105.630497425849","8.66588124607288","3.78349599411101","13.7779531695064","14","9","3","3","deaths",1
"76.3119951087018","49.6153121951735","107.772313963822","8.65320457912506","3.79371113844298","13.7402135045222","14","10","3","3","deaths",1
"73.4124640575771","47.049783278055","104.501373753526","8.79515447754224","3.93426207137342","13.8833855352149","14","11","3","3","deaths",1
"74.317197791368","47.9003259409302","105.452457609667","8.72480843092982","3.85176047927027","13.8265149650687","14","12","3","3","deaths",1
"75.5077104642428","49.2865825396192","106.334393274933","-3.4100025997473","-8.56126285508841","2.03145722578477","15","3","1","1","deaths",1
"77.6439937022043","51.5210801002614","108.270614739463","2.90284015402906","-2.41251141384892","8.50770590758261","15","4","1","1","deaths",1
"78.2397893723987","51.7533811782638","109.349025826303","6.28351197436856","0.778190723426442","12.0895784744415","15","5","2","2","deaths",1
"77.1696130383129","51.0626151658713","107.788483932172","6.47409176690195","0.933780840306619","12.3185134174571","15","6","2","2","deaths",1
"80.7983332657252","53.334028820377","113.181885085382","6.27251773925732","0.736738220473976","12.1125045951247","15","7","2","2","deaths",1
"77.0780649771804","50.8102502930767","107.921152807091","5.97195855363932","0.45066625242598","11.796729864129","15","8","2","2","deaths",1
"85.6293948484345","56.4776559206486","120.212093727108","6.22509887459597","0.713836317657068","12.0379487415021","15","9","3","3","deaths",1
"87.7217446716051","58.1407589179977","122.835995373112","6.29835340940681","0.801673454039586","12.0947653979482","15","10","3","3","deaths",1
"84.8719959246391","55.5794192094983","119.679794736457","6.46782671188966","0.961295317263411","12.2746899109437","15","11","3","3","deaths",1
"85.1589164434033","55.9729243883159","119.806254662129","6.33910528030646","0.825632139878185","12.1540730449197","15","12","3","3","deaths",1
"84.4115837053739","55.8954549430167","118.143833745215","-3.28878454721279","-8.8473483930128","2.6087451046622","16","3","1","1","deaths",1
"88.5573907126739","59.8131433411409","122.471624354937","3.66330350987563","-2.14617348888418","9.81768294324061","16","4","1","1","deaths",1
"88.0458427722679","59.00955209482","122.384369480181","7.57405753343912","1.51260284044725","13.9974498771968","16","5","2","2","deaths",1
"87.002934275878","58.4065631193232","120.761670092207","7.84580277314368","1.73679184823987","14.3216427851713","16","6","2","2","deaths",1
"92.1962846676645","61.8064637610341","128.293796066197","7.60701254500369","1.50495948978042","14.0758954741161","16","7","2","2","deaths",1
"86.6523487045556","57.8564063204216","120.701206172207","7.24536069927464","1.16137354413561","13.6952473910362","16","8","2","2","deaths",1
"95.9339705900526","63.9770283922169","134.118895845327","7.47197302860563","1.40634336953085","13.9004188778568","16","9","3","3","deaths",1
"99.4601910386152","66.7641133311923","138.566721667206","7.69308530950283","1.6354638218153","14.1117498495685","16","10","3","3","deaths",1
"96.9151259876707","64.4060967823679","135.852365585136","7.9082733427881","1.82952189606636","14.3498981337325","16","11","3","3","deaths",1
"96.0533974633074","63.9316710534908","134.469242031722","7.72878061407398","1.6416698771258","14.1804359041436","16","12","3","3","deaths",1
"99.7654738093316","68.1672839256058","137.300880377664","-3.83586296669358","-9.68767500511147","2.39511884877202","17","3","1","1","deaths",1
"106.671662889635","74.4139543969392","144.895406386798","3.32985821434053","-2.81314117603984","9.86114509509621","17","4","1","1","deaths",1
"104.95255169388","72.5527023744245","143.436050944505","7.74182585598659","1.30553178888253","14.5870401526845","17","5","2","2","deaths",1
"104.031423909709","72.1079656917451","141.876207038452","8.04396898494881","1.55929994285298","14.9426910247433","17","6","2","2","deaths",1
"111.745397570356","77.3953362877782","152.746855303417","7.81715394463467","1.34258084916532","14.7053744567903","17","7","2","2","deaths",1
"103.929086505854","71.6457839272995","142.284263391673","7.50559472509922","1.0473658933285","14.3765876034611","17","8","2","2","deaths",1
"114.188556871396","78.4169440295597","157.132180714016","7.77321532843538","1.33943069663776","14.615464704941","17","9","3","3","deaths",1
"120.046060171716","83.0509728102041","164.517952861681","8.07948910993419","1.65350445880126","14.9116897489609","17","10","3","3","deaths",1
"118.091968760953","81.1263781440691","162.601766376601","8.37267916580709","1.91714133067746","15.2371174881038","17","11","3","3","deaths",1
"115.945987570708","79.6626929708829","159.556777073612","8.22575161206549","1.753965154548","15.109158588627","17","12","3","3","deaths",1
"110.879841750911","76.4682866857264","152.001696690616","-3.85338345316334","-9.88609063999579","2.58318542672549","18","3","1","1","deaths",1
"122.416886006808","86.6032959712781","165.103951800401","3.4380122230907","-2.91102963521777","10.2022436994073","18","4","1","1","deaths",1
"119.092572774092","83.375544579069","161.766396140534","8.29857859482925","1.61518020118354","15.4215551499244","18","5","2","2","deaths",1
"118.541839121564","83.2875722362265","160.577053118912","8.58608716351497","1.8544970440979","15.762569819353","18","6","2","2","deaths",1
"128.860995975311","90.5040438621591","174.940911578284","8.36401064797259","1.647920680607","15.5238466767208","18","7","2","2","deaths",1
"118.834298833985","83.0116163718231","161.66891094425","8.1085591898608","1.40679362303515","15.2532306026167","18","8","2","2","deaths",1
"130.125995015536","90.5409153880709","177.934917411475","8.28358316687057","1.61223417223253","15.3929394326883","18","9","3","3","deaths",1
"138.338125750227","96.9748754104006","188.387349238204","8.59215278719725","1.92861760797449","15.6913134279122","18","10","3","3","deaths",1
"137.199486826293","95.6562704275922","187.563472551617","8.92776469105183","2.23282112191123","16.0611415236209","18","11","3","3","deaths",1
"133.897924828423","93.3313793468124","182.976511231024","8.85549118833739","2.13719310578473","16.0157000749131","18","12","3","3","deaths",1
"116.352522539202","79.8791126571604","160.221508309806","-4.4789720382451","-10.6335086341644","2.09941828776474","19","3","1","1","deaths",1
"137.560767675331","97.9223445130722","185.137681030072","2.55521807716648","-3.92413088958561","9.47153382258705","19","4","1","1","deaths",1
"131.466816994202","92.3618798676351","178.521333885352","7.58324644753023","0.737272805568301","14.8944635272106","19","5","2","2","deaths",1
"131.616980482623","92.8910098085021","178.117812235762","7.84336032472353","0.951730394241257","15.2054582988266","19","6","2","2","deaths",1
"144.86240740812","102.244334481092","196.46120231519","7.63946500120856","0.766931341522481","14.980721070863","19","7","2","2","deaths",1
"132.797054121752","93.1273479786453","180.61519497362","7.43779257183923","0.577361283491729","14.7661772530927","19","8","2","2","deaths",1
"144.632173961189","101.123372833632","197.553186851539","7.47827067570996","0.659420146030865","14.7590424292413","19","9","3","3","deaths",1
"154.718830663718","108.937446223279","210.531615406828","7.78952664871184","0.977898874442951","15.0606438107812","19","10","3","3","deaths",1
"154.648581967247","108.407112609454","211.150130559354","8.14849684758165","1.30434191029363","15.4550451623133","19","11","3","3","deaths",1
"149.975992563787","105.062093172974","204.72719697414","8.12248486196672","1.24861599139809","15.4630275017233","19","12","3","3","deaths",1
"116.601256287333","79.3831077024604","161.541372686384","-2.93052962825673","-9.30914561539874","3.89671750463321","20","3","1","1","deaths",1
"141.188575742085","100.063754431911","190.766956931689","4.05055301056654","-2.66173960549442","11.2257147181956","20","4","1","1","deaths",1
"132.48029759637","92.3317922764976","181.009645523388","9.5452192708998","2.40938191136186","17.1782784071091","20","5","2","2","deaths",1
"132.808982303016","93.0205528289352","180.799228095679","9.79270705315509","2.60650847728103","17.4822016746531","20","6","2","2","deaths",1
"147.174848707205","103.189281122292","200.682228393036","9.59061579593958","2.42417637112815","17.2584783793166","20","7","2","2","deaths",1
"134.26531632583","93.3885398678663","183.78226791897","9.40304129679415","2.24848615161479","17.0582166589762","20","8","2","2","deaths",1
"146.668497346882","101.866959293365","201.413107902146","9.23341624772387","2.13545906333796","16.8246496816455","20","9","3","3","deaths",1
"157.819279393103","110.440294866012","215.865271283246","9.50612967073492","2.41687789984388","17.0860963677364","20","10","3","3","deaths",1
"158.419532287692","110.407482904549","217.387260880282","9.85845123836047","2.73873925380335","17.4715535361647","20","11","3","3","deaths",1
"153.534890274548","106.912518738316","210.662404471634","9.89330354630886","2.74156876636806","17.5428632181288","20","12","3","3","deaths",1
"124.914493712378","85.6194386295244","172.528189156203","-2.46123475043751","-9.00468962856783","4.55275868146392","21","3","1","1","deaths",1
"155.425744798653","111.088718721409","209.075309666605","4.72723636190677","-2.17703527932268","12.118806328555","21","4","1","1","deaths",1
"146.164846239335","102.888313471913","198.672360606043","10.4650177976726","3.08408899832888","18.3744288339003","21","5","2","2","deaths",1
"146.198213361249","103.376974027014","198.035510422237","10.6771324638651","3.23844340479507","18.6518049520978","21","6","2","2","deaths",1
"162.726568753315","115.168321537053","220.796525416983","10.5410027220743","3.11605905516739","18.5005846302201","21","7","2","2","deaths",1
"148.544422938474","104.35448514394","202.290062928187","10.3463866914298","2.93309707348026","18.2935848822494","21","8","2","2","deaths",1
"161.067603722837","112.818641663711","220.255280180214","10.0066184192898","2.67230441115682","17.8648532868835","21","9","3","3","deaths",1
"172.631838803927","121.653881984332","235.334165430338","10.1540013723133","2.83690616829437","17.9917256405424","21","10","3","3","deaths",1
"174.317074832562","122.40146443891","238.351448065053","10.4362521489666","3.09878620806046","18.2959202264265","21","11","3","3","deaths",1
"169.14132077526","118.707514006437","231.20512972645","10.549429729628","3.18024494920977","18.4449253785141","21","12","3","3","deaths",1
