"","date","totaltest","state","order","newcases","dailytest","positive.rate","dayofweek"
"1",2020-03-15,1209,"CA",12,41,1209,3.39123242349049,"Sunday"
"2",2020-03-16,8316,"CA",13,42,7107,0.590966652596032,"Monday"
"3",2020-03-17,8464,"CA",14,148,148,100,"Tuesday"
"4",2020-03-18,8592,"CA",15,128,128,100,"Wednesday"
"5",2020-03-19,9711,"CA",16,313,1119,27.9714030384272,"Thursday"
"6",2020-03-20,11487,"CA",17,139,1776,7.82657657657658,"Friday"
"7",2020-03-21,12528,"CA",18,216,1041,20.7492795389049,"Saturday"
"8",2020-03-22,12840,"CA",19,257,312,82.3717948717949,"Sunday"
"9",2020-03-23,14300,"CA",20,197,1460,13.4931506849315,"Monday"
"10",2020-03-24,15554,"CA",21,369,1254,29.4258373205742,"Tuesday"
"11",2020-03-25,18276,"CA",22,253,2722,9.29463629684056,"Wednesday"
"12",2020-03-26,20386,"CA",23,651,2110,30.8530805687204,"Thursday"
"13",2020-03-27,21259,"CA",24,873,873,100,"Friday"
"14",2020-03-28,25192,"CA",25,764,3933,19.4253750317824,"Saturday"
"15",2020-03-29,26257,"CA",26,1065,1065,100,"Sunday"
"16",2020-03-30,26996,"CA",27,739,739,100,"Monday"
"17",2020-03-31,29254,"CA",28,1035,2258,45.837023914969,"Tuesday"
"18",2020-04-01,29927,"CA",29,673,673,100,"Wednesday"
"19",2020-04-02,33000,"CA",30,1036,3073,33.7129840546697,"Thursday"
"20",2020-04-03,35300,"CA",31,1510,2300,65.6521739130435,"Friday"
"21",2020-04-04,113700,"CA",32,1325,78400,1.69005102040816,"Saturday"
"22",2020-04-05,116533,"CA",33,1412,2833,49.8411577832686,"Sunday"
"23",2020-04-06,117431,"CA",34,898,898,100,"Monday"
"24",2020-04-07,131229,"CA",35,1529,13798,11.0813161327729,"Tuesday"
"25",2020-04-08,144264,"CA",36,1092,13035,8.37744533947066,"Wednesday"
"26",2020-04-09,163500,"CA",37,1352,19236,7.02848825119568,"Thursday"
"27",2020-04-10,164863,"CA",38,1163,1363,85.3264856933235,"Friday"
"28",2020-04-11,173219,"CA",39,1143,8356,13.6787936811872,"Saturday"
"29",2020-04-12,190328,"CA",40,1179,17109,6.89110994213572,"Sunday"
"30",2020-04-13,190882,"CA",41,554,554,100,"Monday"
"31",2020-04-14,202208,"CA",42,990,11326,8.74095002648773,"Tuesday"
"32",2020-04-15,216486,"CA",43,1086,14278,7.60610729794089,"Wednesday"
"33",2020-04-16,246400,"CA",44,1758,29914,5.87684696128903,"Thursday"
"34",2020-04-17,251614,"CA",45,1346,5214,25.8151131568853,"Friday"
"35",2020-04-18,259666,"CA",46,1435,8052,17.8216592151018,"Saturday"
"36",2020-04-19,280900,"CA",47,1370,21234,6.45191673730809,"Sunday"
"37",2020-04-20,290500,"CA",48,645,9600,6.71875,"Monday"
"38",2020-04-21,300100,"CA",49,2283,9600,23.78125,"Tuesday"
"39",2020-04-22,465327,"CA",50,2135,165227,1.29216169270156,"Wednesday"
"40",2020-04-23,482097,"CA",51,1973,16770,11.7650566487776,"Thursday"
"41",2020-04-24,494173,"CA",52,1885,12076,15.6094733355416,"Friday"
"42",2020-04-25,506035,"CA",53,1883,11862,15.8742201989546,"Saturday"
"43",2020-04-26,526084,"CA",54,1027,20049,5.12244999750611,"Sunday"
"44",2020-04-27,553409,"CA",55,1300,27325,4.75754803293687,"Monday"
"45",2020-04-28,577608,"CA",56,1567,24199,6.47547419314848,"Tuesday"
"46",2020-04-29,603139,"CA",57,1469,25531,5.7537895107908,"Wednesday"
"47",2020-04-30,625337,"CA",58,2417,22198,10.8883683214704,"Thursday"
"48",2020-05-01,654985,"CA",59,1525,29648,5.14368591473287,"Friday"
"49",2020-05-02,685048,"CA",60,1755,30063,5.83774074443668,"Saturday"
"50",2020-05-03,715751,"CA",61,1419,30703,4.6216982053871,"Sunday"
"51",2020-05-04,747874,"CA",62,1321,32123,4.11231827662423,"Monday"
"52",2020-05-05,779902,"CA",63,1275,32028,3.98089171974522,"Tuesday"
"53",2020-05-06,809036,"CA",64,2603,29134,8.93457815610627,"Wednesday"
"54",2020-05-07,842874,"CA",65,1799,33838,5.31650806785271,"Thursday"
"55",2020-05-08,875272,"CA",66,1898,32398,5.85838632014322,"Friday"
"56",2020-05-09,912570,"CA",67,2049,37298,5.49359214971312,"Saturday"
"57",2020-05-10,955664,"CA",68,2119,43094,4.91715784099875,"Sunday"
"58",2020-05-11,991897,"CA",69,1259,36233,3.47473297822427,"Monday"
"59",2020-05-12,1033370,"CA",70,1443,41473,3.4793721216213,"Tuesday"
"60",2020-05-13,1065592,"CA",71,1759,32222,5.45900316553907,"Wednesday"
"61",2020-05-14,1104651,"CA",72,2023,39059,5.1793440692286,"Thursday"
"62",2020-05-15,1133906,"CA",73,1772,29255,6.05708425910101,"Friday"
"63",2020-05-16,1179126,"CA",74,1857,45220,4.10659000442282,"Saturday"
"64",2020-05-17,1235243,"CA",75,2046,56117,3.64595398898729,"Sunday"
"65",2020-05-18,1292672,"CA",76,1591,57429,2.77037733549252,"Monday"
"66",2020-05-19,1339316,"CA",77,1365,46644,2.92642140468227,"Tuesday"
"67",2020-05-20,1380120,"CA",78,2262,40804,5.54357415939614,"Wednesday"
"68",2020-05-21,1421127,"CA",79,2140,41007,5.21862121101275,"Thursday"
"69",2020-05-22,1466773,"CA",80,2247,45646,4.92266573193708,"Friday"
"70",2020-05-23,1515306,"CA",81,2187,48533,4.5062122679414,"Saturday"
"71",2020-05-24,1582745,"CA",82,2079,67439,3.0827859250582,"Sunday"
"72",2020-05-25,1644102,"CA",83,1848,61357,3.01188128493896,"Monday"
"73",2020-05-26,1696396,"CA",84,2175,52294,4.15917696102803,"Tuesday"
"74",2020-05-27,1736894,"CA",85,2247,40498,5.54842214430342,"Wednesday"
"75",2020-05-28,1790559,"CA",86,2717,53665,5.06289015186807,"Thursday"
"76",2020-05-29,1835478,"CA",87,2189,44919,4.87321623366504,"Friday"
"77",2020-05-30,1888595,"CA",88,2992,53117,5.63284824067624,"Saturday"
"78",2020-05-31,1944848,"CA",89,3705,56253,6.58631539651219,"Sunday"
"79",2020-06-01,2012583,"CA",90,2423,67735,3.57717575847051,"Monday"
"80",2020-06-02,2071591,"CA",91,2304,59008,3.90455531453362,"Tuesday"
"81",2020-06-03,2131294,"CA",92,2377,59703,3.98137447029462,"Wednesday"
"82",2020-06-04,2182671,"CA",93,2120,51377,4.12636004437783,"Thursday"
"83",2020-06-05,2238463,"CA",94,3094,55792,5.54559793518784,"Friday"
"84",2020-06-06,2308300,"CA",95,3115,69837,4.46038632816415,"Saturday"
"85",2020-06-07,2362218,"CA",96,2796,53918,5.18565228680589,"Sunday"
"86",2020-06-08,2431190,"CA",97,2507,68972,3.63480832801717,"Monday"
"87",2020-06-09,2486245,"CA",98,2170,55055,3.94151303242212,"Tuesday"
"88",2020-06-10,2540798,"CA",99,2702,54553,4.95298150422525,"Wednesday"
"89",2020-06-11,2597647,"CA",100,3090,56849,5.43545181093775,"Thursday"
"90",2020-06-12,2662258,"CA",101,2702,64611,4.18195044187522,"Friday"
"91",2020-06-13,2724393,"CA",102,3660,62135,5.89039993562404,"Saturday"
"92",2020-06-14,2801996,"CA",103,3212,77603,4.13901524425602,"Sunday"
"93",2020-06-15,2868182,"CA",104,2597,66186,3.92379052971928,"Monday"
"94",2020-06-16,2937755,"CA",105,2108,69573,3.02991102870366,"Tuesday"
"95",2020-06-17,2997988,"CA",106,3455,60233,5.73605830690817,"Wednesday"
"96",2020-06-18,3074530,"CA",107,4084,76542,5.33563272451726,"Thursday"
"97",2020-06-19,3155702,"CA",108,4317,81172,5.31833637214803,"Friday"
"98",2020-06-20,3234412,"CA",109,3893,78710,4.94600431965443,"Saturday"
"99",2020-06-21,3319256,"CA",110,4515,84844,5.32153128093914,"Sunday"
"100",2020-06-22,3411686,"CA",111,4230,92430,4.57643622200584,"Monday"
"101",2020-06-23,3496929,"CA",112,5019,85243,5.88787349107845,"Tuesday"
"102",2020-06-24,3592899,"CA",113,7149,95970,7.44920287589872,"Wednesday"
"103",2020-06-25,3694345,"CA",114,5349,101446,5.27275594897778,"Thursday"
"104",2020-06-26,3771314,"CA",115,4890,76969,6.3532071353402,"Friday"
"105",2020-06-27,3862310,"CA",116,5972,90996,6.56292584289419,"Saturday"
"106",2020-06-28,3955952,"CA",117,4810,93642,5.13658401144786,"Sunday"
"107",2020-06-29,4061692,"CA",118,8009,105740,7.57423869869491,"Monday"
"108",2020-06-30,4167139,"CA",119,9480,105447,8.99029844376796,"Tuesday"
"109",2020-07-01,4254176,"CA",120,7407,87037,8.51017383411653,"Wednesday"
"110",2020-07-02,4338718,"CA",121,6408,84542,7.57966454543304,"Thursday"
"111",2020-07-03,4448176,"CA",122,5688,109458,5.1965137312942,"Friday"
"112",2020-07-04,4553031,"CA",123,9153,104855,8.72919746316342,"Saturday"
"113",2020-07-05,4680138,"CA",124,8597,127107,6.763592878441,"Sunday"
"114",2020-07-06,4793353,"CA",125,5699,113215,5.03378527580268,"Monday"
"115",2020-07-07,4896370,"CA",126,6090,103017,5.91164565071784,"Tuesday"
"116",2020-07-08,4996175,"CA",127,11694,99805,11.716847853314,"Wednesday"
"117",2020-07-09,5078434,"CA",128,7031,82259,8.54739299043266,"Thursday"
"118",2020-07-10,5175737,"CA",129,7798,97303,8.01414139337944,"Friday"
"119",2020-07-11,5275695,"CA",130,8047,99958,8.05038116008724,"Saturday"
"120",2020-07-12,5406599,"CA",131,8460,130904,6.46275132921836,"Sunday"
"121",2020-07-13,5544365,"CA",132,8358,137766,6.06680893689299,"Monday"
"122",2020-07-14,5674955,"CA",133,7346,130590,5.62523929856804,"Tuesday"
"123",2020-07-15,5793276,"CA",134,11126,118321,9.40323357645726,"Wednesday"
"124",2020-07-16,5915508,"CA",135,8544,122232,6.989986255645,"Thursday"
"125",2020-07-17,6044099,"CA",136,9986,128591,7.76570677574636,"Friday"
"126",2020-07-18,6167218,"CA",137,9199,123119,7.47163313542183,"Saturday"
"127",2020-07-19,6286852,"CA",138,9329,119634,7.79795041543374,"Sunday"
"128",2020-07-20,6414321,"CA",139,6846,127469,5.37071758623665,"Monday"
"129",2020-07-21,6536932,"CA",140,9231,122611,7.52868829061014,"Tuesday"
"130",2020-07-22,6664419,"CA",141,12807,127487,10.0457301528783,"Wednesday"
"131",2020-07-23,6778304,"CA",142,12040,113885,10.5720683145278,"Thursday"
"132",2020-07-24,6915876,"CA",143,9718,137572,7.06393742912802,"Friday"
"133",2020-07-25,7047355,"CA",144,10066,131479,7.65597547897383,"Saturday"
"134",2020-07-26,7168139,"CA",145,8259,120784,6.83782620214598,"Sunday"
"135",2020-07-27,7296578,"CA",146,6891,128439,5.36519281526639,"Monday"
"136",2020-07-28,7417866,"CA",147,6000,121288,4.94690323857265,"Tuesday"
"137",2020-07-29,7517466,"CA",148,8755,99600,8.79016064257028,"Wednesday"
"138",2020-07-30,7633840,"CA",149,10197,116374,8.76226648564112,"Thursday"
"139",2020-07-31,7811041,"CA",150,8086,177201,4.56317966602897,"Friday"
"140",2020-08-01,7886587,"CA",151,6542,75546,8.65962459958171,"Saturday"
"141",2020-08-02,8035975,"CA",152,9032,149388,6.04600101748467,"Sunday"
"142",2020-08-03,8184696,"CA",153,5739,148721,3.85890358456439,"Monday"
"143",2020-08-04,8305713,"CA",154,4526,121017,3.73997041737938,"Tuesday"
"144",2020-08-05,8409400,"CA",155,5295,103687,5.10671540308814,"Wednesday"
"145",2020-08-06,8500463,"CA",156,5258,91063,5.77402457639217,"Thursday"
"146",2020-08-07,8596882,"CA",157,8436,96419,8.74931289476141,"Friday"
"147",2020-08-08,8707527,"CA",158,7371,110645,6.6618464458403,"Saturday"
"148",2020-08-09,8826119,"CA",159,8373,118592,7.06034133837021,"Sunday"
"149",2020-08-10,8998353,"CA",160,7751,172234,4.50027288456402,"Monday"
"150",2020-08-11,9186279,"CA",161,12500,187926,6.65155433521705,"Tuesday"
"151",2020-08-12,9303467,"CA",162,11645,117188,9.93702426869645,"Wednesday"
"152",2020-08-13,9445493,"CA",163,7085,142026,4.98852322814133,"Thursday"
"153",2020-08-14,9556598,"CA",164,7934,111105,7.1409927546015,"Friday"
"154",2020-08-15,9681111,"CA",165,12614,124513,10.130669086762,"Saturday"
"155",2020-08-16,9798135,"CA",166,7873,117024,6.72767979217938,"Sunday"
"156",2020-08-17,9933780,"CA",167,6469,135645,4.7690663128018,"Monday"
"157",2020-08-18,10049039,"CA",168,4636,115259,4.02224555132354,"Tuesday"
"158",2020-08-19,10140683,"CA",169,6164,91644,6.72602679935402,"Wednesday"
"159",2020-08-20,10227966,"CA",170,5920,87283,6.78253497244595,"Thursday"
"160",2020-08-21,10329372,"CA",171,5585,101406,5.50756365501055,"Friday"
"161",2020-08-22,10436352,"CA",172,6556,106980,6.1282482707048,"Saturday"
"162",2020-08-23,10541031,"CA",173,6777,104679,6.47407789527986,"Sunday"
"163",2020-08-24,10652487,"CA",174,4946,111456,4.43762561010623,"Monday"
"164",2020-08-25,10762506,"CA",175,4480,110019,4.07202392314055,"Tuesday"
"165",2020-08-26,10832757,"CA",176,6004,70251,8.54649755875361,"Wednesday"
"166",2020-08-27,10918415,"CA",177,4430,85658,5.17172943566275,"Thursday"
"167",2020-08-28,11010637,"CA",178,5329,92222,5.77844765891002,"Friday"
"168",2020-08-29,11109630,"CA",179,4981,98993,5.03166890588223,"Saturday"
"169",2020-08-30,11231829,"CA",180,6070,122199,4.96730742477434,"Sunday"
"170",2020-08-31,11373305,"CA",181,4176,141476,2.9517373971557,"Monday"
"171",2020-09-01,11470696,"CA",182,3712,97391,3.81144048218008,"Tuesday"
"172",2020-09-02,11580370,"CA",183,4255,109674,3.87967977825191,"Wednesday"
"173",2020-09-03,11663924,"CA",184,5125,83554,6.13375780932092,"Thursday"
"174",2020-09-04,11796970,"CA",185,5106,133046,3.83777039520166,"Friday"
"175",2020-09-05,11916323,"CA",186,4956,119353,4.15238829354939,"Saturday"
"176",2020-09-06,12047191,"CA",187,4905,130868,3.74805147171195,"Sunday"
"177",2020-09-07,12158292,"CA",188,3091,111101,2.78215317593901,"Monday"
"178",2020-09-08,12267948,"CA",189,2676,109656,2.44035894068724,"Tuesday"
"179",2020-09-09,12343797,"CA",190,1616,75849,2.13054885364342,"Wednesday"
"180",2020-09-10,12389991,"CA",191,3338,46194,7.22604667272806,"Thursday"
"181",2020-09-11,12451660,"CA",192,3326,61669,5.39330944234542,"Friday"
"182",2020-09-12,12556967,"CA",193,4107,105307,3.90002563932122,"Saturday"
"183",2020-09-13,12690016,"CA",194,4625,133049,3.4761629174214,"Sunday"
"184",2020-09-14,12806189,"CA",195,2855,116173,2.45754176960223,"Monday"
"185",2020-09-15,12928170,"CA",196,2235,121981,1.83225256392389,"Tuesday"
"186",2020-09-16,13000522,"CA",197,2950,72352,4.07728881026095,"Wednesday"
"187",2020-09-17,13080037,"CA",198,3238,79515,4.07218763755266,"Thursday"
"188",2020-09-18,13177186,"CA",199,3630,97149,3.73652842540839,"Friday"
"189",2020-09-19,13343886,"CA",200,4304,166700,2.58188362327535,"Saturday"
"190",2020-09-20,13523158,"CA",201,4265,179272,2.37906644651702,"Sunday"
"191",2020-09-21,13672782,"CA",202,3294,149624,2.20151847297225,"Monday"
"192",2020-09-22,13804055,"CA",203,2630,131273,2.00345844156833,"Tuesday"
"193",2020-09-23,13879423,"CA",204,3146,75368,4.17418533064431,"Wednesday"
"194",2020-09-24,13952857,"CA",205,3170,73434,4.31680148160253,"Thursday"
"195",2020-03-15,456,"OR",12,6,456,1.31578947368421,"Sunday"
"196",2020-03-16,618,"OR",13,3,162,1.85185185185185,"Monday"
"197",2020-03-17,736,"OR",14,8,118,6.77966101694915,"Tuesday"
"198",2020-03-18,1193,"OR",15,28,457,6.12691466083151,"Wednesday"
"199",2020-03-19,1417,"OR",16,13,224,5.80357142857143,"Thursday"
"200",2020-03-20,2117,"OR",17,26,700,3.71428571428571,"Friday"
"201",2020-03-21,2117,"OR",18,0,0,NA,"Saturday"
"202",2020-03-22,3025,"OR",19,47,908,5.17621145374449,"Sunday"
"203",2020-03-23,3840,"OR",20,30,815,3.68098159509202,"Monday"
"204",2020-03-24,4559,"OR",21,18,719,2.50347705146036,"Tuesday"
"205",2020-03-25,4559,"OR",22,0,0,NA,"Wednesday"
"206",2020-03-26,7280,"OR",23,118,2721,4.33664094083058,"Thursday"
"207",2020-03-27,8924,"OR",24,87,1644,5.29197080291971,"Friday"
"208",2020-03-28,10172,"OR",25,65,1248,5.20833333333333,"Saturday"
"209",2020-03-29,11426,"OR",26,69,1254,5.50239234449761,"Sunday"
"210",2020-03-30,12883,"OR",27,58,1457,3.98078242964997,"Monday"
"211",2020-03-31,13826,"OR",28,84,943,8.90774125132556,"Tuesday"
"212",2020-04-01,13872,"OR",29,46,46,100,"Wednesday"
"213",2020-04-02,16085,"OR",30,90,2213,4.06687754179846,"Thursday"
"214",2020-04-03,17434,"OR",31,73,1349,5.41141586360267,"Friday"
"215",2020-04-04,17534,"OR",32,100,100,100,"Saturday"
"216",2020-04-05,20624,"OR",33,69,3090,2.23300970873786,"Sunday"
"217",2020-04-06,21801,"OR",34,64,1177,5.4375531011045,"Monday"
"218",2020-04-07,23007,"OR",35,49,1206,4.06301824212272,"Tuesday"
"219",2020-04-08,24564,"OR",36,58,1557,3.72511239563263,"Wednesday"
"220",2020-04-09,25627,"OR",37,82,1063,7.7140169332079,"Thursday"
"221",2020-04-10,25627,"OR",38,0,0,NA,"Friday"
"222",2020-04-11,27224,"OR",39,50,1597,3.13087038196619,"Saturday"
"223",2020-04-12,29758,"OR",40,156,2534,6.15627466456196,"Sunday"
"224",2020-04-13,31121,"OR",41,57,1363,4.18195157740279,"Monday"
"225",2020-04-14,32363,"OR",42,49,1242,3.94524959742351,"Tuesday"
"226",2020-04-15,33351,"OR",43,30,988,3.03643724696356,"Wednesday"
"227",2020-04-16,34938,"OR",44,73,1587,4.59987397605545,"Thursday"
"228",2020-04-17,36321,"OR",45,49,1383,3.54302241503977,"Friday"
"229",2020-04-18,37583,"OR",46,59,1262,4.67511885895404,"Saturday"
"230",2020-04-19,39038,"OR",47,66,1455,4.5360824742268,"Sunday"
"231",2020-04-20,40045,"OR",48,46,1007,4.56802383316783,"Monday"
"232",2020-04-21,41128,"OR",49,46,1083,4.24746075715605,"Tuesday"
"233",2020-04-22,41185,"OR",50,57,57,100,"Wednesday"
"234",2020-04-23,43976,"OR",51,68,2791,2.43640272303834,"Thursday"
"235",2020-04-24,45492,"OR",52,50,1516,3.29815303430079,"Friday"
"236",2020-04-25,47377,"OR",53,76,1885,4.03183023872679,"Saturday"
"237",2020-04-26,48964,"OR",54,58,1587,3.65469439193447,"Sunday"
"238",2020-04-27,51198,"OR",55,43,2234,1.92479856759176,"Monday"
"239",2020-04-28,51198,"OR",56,0,0,NA,"Tuesday"
"240",2020-04-29,54472,"OR",57,92,3274,2.81001832620648,"Wednesday"
"241",2020-04-30,56032,"OR",58,64,1560,4.1025641025641,"Thursday"
"242",2020-05-01,58176,"OR",59,69,2144,3.21828358208955,"Friday"
"243",2020-05-02,60136,"OR",60,56,1960,2.85714285714286,"Saturday"
"244",2020-05-03,62054,"OR",61,45,1918,2.34619395203337,"Sunday"
"245",2020-05-04,63457,"OR",62,79,1403,5.63079116179615,"Monday"
"246",2020-05-05,65424,"OR",63,80,1967,4.06710726995424,"Tuesday"
"247",2020-05-06,67976,"OR",64,77,2552,3.01724137931034,"Wednesday"
"248",2020-05-07,70458,"OR",65,73,2482,2.94117647058824,"Thursday"
"249",2020-05-08,72693,"OR",66,79,2235,3.53467561521253,"Friday"
"250",2020-05-09,74620,"OR",67,92,1927,4.77426050856253,"Saturday"
"251",2020-05-10,75507,"OR",68,68,887,7.6662908680947,"Sunday"
"252",2020-05-11,77606,"OR",69,58,2099,2.76322058122916,"Monday"
"253",2020-05-12,77606,"OR",70,0,0,NA,"Tuesday"
"254",2020-05-13,83987,"OR",71,130,6381,2.03729822911769,"Wednesday"
"255",2020-05-14,84050,"OR",72,63,63,100,"Thursday"
"256",2020-05-15,89506,"OR",73,62,5456,1.13636363636364,"Friday"
"257",2020-05-16,92199,"OR",74,71,2693,2.63646490902339,"Saturday"
"258",2020-05-17,94356,"OR",75,11,2157,0.509967547519703,"Sunday"
"259",2020-05-18,97315,"OR",76,64,2959,2.16289286921257,"Monday"
"260",2020-05-19,99720,"OR",77,39,2405,1.62162162162162,"Tuesday"
"261",2020-05-20,102149,"OR",78,75,2429,3.08769040757513,"Wednesday"
"262",2020-05-21,105224,"OR",79,16,3075,0.520325203252032,"Thursday"
"263",2020-05-22,107839,"OR",80,47,2615,1.79732313575526,"Friday"
"264",2020-05-23,110207,"OR",81,24,2368,1.01351351351351,"Saturday"
"265",2020-05-24,112195,"OR",82,39,1988,1.96177062374245,"Sunday"
"266",2020-05-25,113858,"OR",83,22,1663,1.32291040288635,"Monday"
"267",2020-05-26,115538,"OR",84,18,1680,1.07142857142857,"Tuesday"
"268",2020-05-27,116992,"OR",85,71,1454,4.88308115543329,"Wednesday"
"269",2020-05-28,119647,"OR",86,48,2655,1.80790960451977,"Thursday"
"270",2020-05-29,122681,"OR",87,45,3034,1.48319050758075,"Friday"
"271",2020-05-30,126795,"OR",88,54,4114,1.31259115216334,"Saturday"
"272",2020-05-31,129201,"OR",89,58,2406,2.41064006650042,"Sunday"
"273",2020-06-01,131618,"OR",90,59,2417,2.44104261481175,"Monday"
"274",2020-06-02,134209,"OR",91,33,2591,1.2736395214203,"Tuesday"
"275",2020-06-03,136668,"OR",92,64,2459,2.60268401789345,"Wednesday"
"276",2020-06-04,139312,"OR",93,75,2644,2.83661119515885,"Thursday"
"277",2020-06-05,143246,"OR",94,96,3934,2.44026436197255,"Friday"
"278",2020-06-06,146159,"OR",95,92,2913,3.15825609337453,"Saturday"
"279",2020-06-07,148400,"OR",96,146,2241,6.51494868362338,"Sunday"
"280",2020-06-08,149879,"OR",97,114,1479,7.7079107505071,"Monday"
"281",2020-06-09,153617,"OR",98,66,3738,1.76565008025682,"Tuesday"
"282",2020-06-10,156758,"OR",99,72,3141,2.29226361031519,"Wednesday"
"283",2020-06-11,161804,"OR",100,177,5046,3.5077288941736,"Thursday"
"284",2020-06-12,166189,"OR",101,140,4385,3.1927023945268,"Friday"
"285",2020-06-13,170479,"OR",102,158,4290,3.68298368298368,"Saturday"
"286",2020-06-14,173882,"OR",103,101,3403,2.96796943873053,"Sunday"
"287",2020-06-15,176136,"OR",104,184,2254,8.16326530612245,"Monday"
"288",2020-06-16,179538,"OR",105,278,3402,8.17166372721928,"Tuesday"
"289",2020-06-17,184350,"OR",106,120,4812,2.49376558603491,"Wednesday"
"290",2020-06-18,189136,"OR",107,148,4786,3.09235269536147,"Thursday"
"291",2020-06-19,193917,"OR",108,206,4781,4.30872202468103,"Friday"
"292",2020-06-20,194095,"OR",109,178,178,100,"Saturday"
"293",2020-06-21,202611,"OR",110,187,8516,2.19586660403945,"Sunday"
"294",2020-06-22,206628,"OR",111,146,4017,3.63455314911626,"Monday"
"295",2020-06-23,210712,"OR",112,191,4084,4.6767874632713,"Tuesday"
"296",2020-06-24,214008,"OR",113,170,3296,5.15776699029126,"Wednesday"
"297",2020-06-25,216618,"OR",114,124,2610,4.75095785440613,"Thursday"
"298",2020-06-26,216868,"OR",115,250,250,100,"Friday"
"299",2020-06-27,227623,"OR",116,276,10755,2.56624825662483,"Saturday"
"300",2020-06-28,227870,"OR",117,247,247,100,"Sunday"
"301",2020-06-29,235133,"OR",118,144,7263,1.98265179677819,"Monday"
"302",2020-06-30,237634,"OR",119,171,2501,6.83726509396242,"Tuesday"
"303",2020-07-01,243360,"OR",120,275,5726,4.80265455815578,"Wednesday"
"304",2020-07-02,251054,"OR",121,363,7694,4.71796204834936,"Thursday"
"305",2020-07-03,254732,"OR",122,342,3678,9.29853181076672,"Friday"
"306",2020-07-04,255026,"OR",123,294,294,100,"Saturday"
"307",2020-07-05,264201,"OR",124,300,9175,3.26975476839237,"Sunday"
"308",2020-07-06,267721,"OR",125,165,3520,4.6875,"Monday"
"309",2020-07-07,271906,"OR",126,210,4185,5.01792114695341,"Tuesday"
"310",2020-07-08,276267,"OR",127,212,4361,4.86127035083696,"Wednesday"
"311",2020-07-09,282075,"OR",128,371,5808,6.38774104683196,"Thursday"
"312",2020-07-10,286770,"OR",129,266,4695,5.66560170394036,"Friday"
"313",2020-07-11,292183,"OR",130,397,5413,7.33419545538518,"Saturday"
"314",2020-07-12,296172,"OR",131,319,3989,7.99699172724994,"Sunday"
"315",2020-07-13,300712,"OR",132,268,4540,5.90308370044053,"Monday"
"316",2020-07-14,305456,"OR",133,367,4744,7.73608768971332,"Tuesday"
"317",2020-07-15,311786,"OR",134,276,6330,4.36018957345972,"Wednesday"
"318",2020-07-16,318946,"OR",135,428,7160,5.97765363128492,"Thursday"
"319",2020-07-17,324195,"OR",136,293,5249,5.58201562202324,"Friday"
"320",2020-07-18,330793,"OR",137,347,6598,5.25916944528645,"Saturday"
"321",2020-07-19,335590,"OR",138,430,4797,8.96393579320409,"Sunday"
"322",2020-07-20,340044,"OR",139,268,4454,6.01706331387517,"Monday"
"323",2020-07-21,345263,"OR",140,292,5219,5.59494155968576,"Tuesday"
"324",2020-07-22,352794,"OR",141,254,7531,3.37272606559554,"Wednesday"
"325",2020-07-23,358491,"OR",142,320,5697,5.61699139898192,"Thursday"
"326",2020-07-24,366567,"OR",143,391,8076,4.84150569588905,"Friday"
"327",2020-07-25,374010,"OR",144,388,7443,5.21295176676071,"Saturday"
"328",2020-07-26,378475,"OR",145,266,4465,5.95744680851064,"Sunday"
"329",2020-07-27,382566,"OR",146,330,4091,8.06648741139086,"Monday"
"330",2020-07-28,387656,"OR",147,328,5090,6.44400785854617,"Tuesday"
"331",2020-07-29,394155,"OR",148,305,6499,4.69302969687644,"Wednesday"
"332",2020-07-30,398639,"OR",149,410,4484,9.14362176628011,"Thursday"
"333",2020-07-31,404193,"OR",150,361,5554,6.49981994958589,"Friday"
"334",2020-08-01,409616,"OR",151,325,5423,5.99299280840863,"Saturday"
"335",2020-08-02,413657,"OR",152,280,4041,6.92897797574858,"Sunday"
"336",2020-08-03,417131,"OR",153,269,3474,7.74323546344272,"Monday"
"337",2020-08-04,419914,"OR",154,333,2783,11.9655048508803,"Tuesday"
"338",2020-08-05,426802,"OR",155,280,6888,4.0650406504065,"Wednesday"
"339",2020-08-06,432262,"OR",156,246,5460,4.50549450549451,"Thursday"
"340",2020-08-07,437693,"OR",157,411,5431,7.56766709629902,"Friday"
"341",2020-08-08,438067,"OR",158,374,374,100,"Saturday"
"342",2020-08-09,447037,"OR",159,262,8970,2.92084726867336,"Sunday"
"343",2020-08-10,450732,"OR",160,216,3695,5.84573748308525,"Monday"
"344",2020-08-11,457088,"OR",161,286,6356,4.49968533668974,"Tuesday"
"345",2020-08-12,462542,"OR",162,248,5454,4.54712137880455,"Wednesday"
"346",2020-08-13,467263,"OR",163,278,4721,5.8885829273459,"Thursday"
"347",2020-08-14,473107,"OR",164,313,5844,5.35592060232717,"Friday"
"348",2020-08-15,484879,"OR",165,405,11772,3.44036697247706,"Saturday"
"349",2020-08-16,488797,"OR",166,244,3918,6.22766717713119,"Sunday"
"350",2020-08-17,491217,"OR",167,189,2420,7.8099173553719,"Monday"
"351",2020-08-18,496338,"OR",168,225,5121,4.39367311072056,"Tuesday"
"352",2020-08-19,501156,"OR",169,194,4818,4.02656704026567,"Wednesday"
"353",2020-08-20,506367,"OR",170,295,5211,5.6611015160238,"Thursday"
"354",2020-08-21,511321,"OR",171,256,4954,5.16754138070246,"Friday"
"355",2020-08-22,516464,"OR",172,289,5143,5.6192883531013,"Saturday"
"356",2020-08-23,519820,"OR",173,227,3356,6.76400476758045,"Sunday"
"357",2020-08-24,523337,"OR",174,218,3517,6.1984646005118,"Monday"
"358",2020-08-25,528009,"OR",175,236,4672,5.0513698630137,"Tuesday"
"359",2020-08-26,532738,"OR",176,180,4729,3.80630154366674,"Wednesday"
"360",2020-08-27,538716,"OR",177,190,5978,3.17832050853128,"Thursday"
"361",2020-08-28,543867,"OR",178,293,5151,5.68821588041157,"Friday"
"362",2020-08-29,548850,"OR",179,239,4983,4.79630744531407,"Saturday"
"363",2020-08-30,553345,"OR",180,261,4495,5.80645161290323,"Sunday"
"364",2020-08-31,557228,"OR",181,159,3883,4.09477208344064,"Monday"
"365",2020-09-01,561800,"OR",182,233,4572,5.09623797025372,"Tuesday"
"366",2020-09-02,566382,"OR",183,129,4582,2.8153644696639,"Wednesday"
"367",2020-09-03,571125,"OR",184,261,4743,5.50284629981025,"Thursday"
"368",2020-09-04,576929,"OR",185,265,5804,4.565816678153,"Friday"
"369",2020-09-05,580107,"OR",186,255,3178,8.02391441157961,"Saturday"
"370",2020-09-06,585425,"OR",187,188,5318,3.53516359533659,"Sunday"
"371",2020-09-07,588166,"OR",188,146,2741,5.32652316672747,"Monday"
"372",2020-09-08,591499,"OR",189,165,3333,4.95049504950495,"Tuesday"
"373",2020-09-09,594077,"OR",190,116,2578,4.49961210240497,"Wednesday"
"374",2020-09-10,596988,"OR",191,183,2911,6.28649948471316,"Thursday"
"375",2020-09-11,605739,"OR",192,211,8751,2.41115301108445,"Friday"
"376",2020-09-12,610104,"OR",193,291,4365,6.66666666666667,"Saturday"
"377",2020-09-13,612620,"OR",194,181,2516,7.1939586645469,"Sunday"
"378",2020-09-14,614804,"OR",195,147,2184,6.73076923076923,"Monday"
"379",2020-09-15,618064,"OR",196,178,3260,5.4601226993865,"Tuesday"
"380",2020-09-16,621273,"OR",197,188,3209,5.85852290433157,"Wednesday"
"381",2020-09-17,625424,"OR",198,0,4151,0,"Thursday"
"382",2020-09-18,629422,"OR",199,492,3998,12.3061530765383,"Friday"
"383",2020-09-19,633910,"OR",200,257,4488,5.72638146167558,"Saturday"
"384",2020-09-20,636069,"OR",201,202,2159,9.35618341824919,"Sunday"
"385",2020-09-21,638798,"OR",202,194,2729,7.10883107365335,"Monday"
"386",2020-09-22,642581,"OR",203,318,3783,8.40602696272799,"Tuesday"
"387",2020-09-23,646125,"OR",204,190,3544,5.36117381489842,"Wednesday"
"388",2020-09-24,650498,"OR",205,362,4373,8.27806997484564,"Thursday"
"389",2020-03-15,20059,"WA",12,108,20059,0.538411685527693,"Sunday"
"390",2020-03-16,25055,"WA",13,300,4996,6.00480384307446,"Monday"
"391",2020-03-17,29870,"WA",14,264,4815,5.48286604361371,"Tuesday"
"392",2020-03-18,34696,"WA",15,289,4826,5.98839618731869,"Wednesday"
"393",2020-03-19,39156,"WA",16,333,4460,7.46636771300448,"Thursday"
"394",2020-03-20,43276,"WA",17,303,4120,7.35436893203883,"Friday"
"395",2020-03-21,45706,"WA",18,194,2430,7.98353909465021,"Saturday"
"396",2020-03-22,47738,"WA",19,186,2032,9.15354330708661,"Sunday"
"397",2020-03-23,53245,"WA",20,463,5507,8.40748138732522,"Monday"
"398",2020-03-24,58745,"WA",21,438,5500,7.96363636363636,"Tuesday"
"399",2020-03-25,63993,"WA",22,440,5248,8.38414634146342,"Wednesday"
"400",2020-03-26,68680,"WA",23,435,4687,9.28098997226371,"Thursday"
"401",2020-03-27,73297,"WA",24,464,4617,10.0498158977691,"Friday"
"402",2020-03-28,76094,"WA",25,288,2797,10.2967465141223,"Saturday"
"403",2020-03-29,78081,"WA",26,242,1987,12.1791645697031,"Sunday"
"404",2020-03-30,83531,"WA",27,563,5450,10.3302752293578,"Monday"
"405",2020-03-31,88412,"WA",28,465,4881,9.52673632452366,"Tuesday"
"406",2020-04-01,93374,"WA",29,450,4962,9.0689238210399,"Wednesday"
"407",2020-04-02,98545,"WA",30,397,5171,7.67743183136724,"Thursday"
"408",2020-04-03,103598,"WA",31,415,5053,8.21294280625371,"Friday"
"409",2020-04-04,106297,"WA",32,207,2699,7.66950722489811,"Saturday"
"410",2020-04-05,108393,"WA",33,171,2096,8.15839694656489,"Sunday"
"411",2020-04-06,113776,"WA",34,394,5383,7.31933865874048,"Monday"
"412",2020-04-07,119252,"WA",35,413,5476,7.54200146092038,"Tuesday"
"413",2020-04-08,124317,"WA",36,345,5065,6.81145113524186,"Wednesday"
"414",2020-04-09,128808,"WA",37,363,4491,8.08283233132933,"Thursday"
"415",2020-04-10,133289,"WA",38,309,4481,6.89578219147512,"Friday"
"416",2020-04-11,135476,"WA",39,155,2187,7.08733424782808,"Saturday"
"417",2020-04-12,136957,"WA",40,89,1481,6.00945307224848,"Sunday"
"418",2020-04-13,141543,"WA",41,371,4586,8.08983863933711,"Monday"
"419",2020-04-14,146201,"WA",42,302,4658,6.48346930012881,"Tuesday"
"420",2020-04-15,150699,"WA",43,328,4498,7.29212983548244,"Wednesday"
"421",2020-04-16,155401,"WA",44,309,4702,6.571671629094,"Thursday"
"422",2020-04-17,160524,"WA",45,351,5123,6.85145422603943,"Friday"
"423",2020-04-18,163092,"WA",46,175,2568,6.81464174454829,"Saturday"
"424",2020-04-19,165059,"WA",47,96,1967,4.88052872394509,"Sunday"
"425",2020-04-20,170027,"WA",48,334,4968,6.72302737520129,"Monday"
"426",2020-04-21,174818,"WA",49,270,4791,5.63556668753914,"Tuesday"
"427",2020-04-22,179945,"WA",50,283,5127,5.5197971523308,"Wednesday"
"428",2020-04-23,184908,"WA",51,274,4963,5.52085432198267,"Thursday"
"429",2020-04-24,191084,"WA",52,350,6176,5.66709844559585,"Friday"
"430",2020-04-25,194532,"WA",53,166,3448,4.81438515081206,"Saturday"
"431",2020-04-26,196617,"WA",54,113,2085,5.41966426858513,"Sunday"
"432",2020-04-27,202414,"WA",55,369,5797,6.36536139382439,"Monday"
"433",2020-04-28,208382,"WA",56,295,5968,4.94302949061662,"Tuesday"
"434",2020-04-29,214078,"WA",57,328,5696,5.75842696629214,"Wednesday"
"435",2020-04-30,219604,"WA",58,248,5526,4.48787549764748,"Thursday"
"436",2020-05-01,225299,"WA",59,317,5695,5.56628621597893,"Friday"
"437",2020-05-02,228003,"WA",60,112,2704,4.14201183431953,"Saturday"
"438",2020-05-03,229800,"WA",61,84,1797,4.67445742904841,"Sunday"
"439",2020-05-04,236165,"WA",62,386,6365,6.06441476826394,"Monday"
"440",2020-05-05,242290,"WA",63,258,6125,4.21224489795918,"Tuesday"
"441",2020-05-06,248702,"WA",64,289,6412,4.50717404865877,"Wednesday"
"442",2020-05-07,254216,"WA",65,265,5514,4.80594849474066,"Thursday"
"443",2020-05-08,260312,"WA",66,253,6096,4.1502624671916,"Friday"
"444",2020-05-09,262820,"WA",67,128,2508,5.103668261563,"Saturday"
"445",2020-05-10,264596,"WA",68,62,1776,3.49099099099099,"Sunday"
"446",2020-05-11,270794,"WA",69,296,6198,4.7757341077767,"Monday"
"447",2020-05-12,276900,"WA",70,250,6106,4.09433344251556,"Tuesday"
"448",2020-05-13,283044,"WA",71,308,6144,5.01302083333333,"Wednesday"
"449",2020-05-14,289417,"WA",72,271,6373,4.25231445159266,"Thursday"
"450",2020-05-15,295958,"WA",73,263,6541,4.02079192783978,"Friday"
"451",2020-05-16,299456,"WA",74,118,3498,3.37335620354488,"Saturday"
"452",2020-05-17,301924,"WA",75,64,2468,2.59319286871961,"Sunday"
"453",2020-05-18,310386,"WA",76,319,8462,3.76979437485228,"Monday"
"454",2020-05-19,319019,"WA",77,298,8633,3.45187072859956,"Tuesday"
"455",2020-05-20,326079,"WA",78,268,7060,3.79603399433428,"Wednesday"
"456",2020-05-21,331812,"WA",79,296,5733,5.16309087737659,"Thursday"
"457",2020-05-22,337656,"WA",80,313,5844,5.35592060232717,"Friday"
"458",2020-05-23,341006,"WA",81,149,3350,4.44776119402985,"Saturday"
"459",2020-05-24,343829,"WA",82,101,2823,3.57775416223875,"Sunday"
"460",2020-05-25,347132,"WA",83,149,3303,4.51105056009688,"Monday"
"461",2020-05-26,355902,"WA",84,398,8770,4.5381984036488,"Tuesday"
"462",2020-05-27,363211,"WA",85,351,7309,4.80229853605144,"Wednesday"
"463",2020-05-28,370033,"WA",86,300,6822,4.39753737906772,"Thursday"
"464",2020-05-29,376873,"WA",87,345,6840,5.04385964912281,"Friday"
"465",2020-05-30,380960,"WA",88,148,4087,3.62123807193541,"Saturday"
"466",2020-05-31,383882,"WA",89,100,2922,3.42231348391513,"Sunday"
"467",2020-06-01,391905,"WA",90,410,8023,5.11030786488845,"Monday"
"468",2020-06-02,400375,"WA",91,415,8470,4.89964580873672,"Tuesday"
"469",2020-06-03,407704,"WA",92,383,7329,5.22581525446855,"Wednesday"
"470",2020-06-04,414081,"WA",93,330,6377,5.17484710679003,"Thursday"
"471",2020-06-05,422150,"WA",94,393,8069,4.87049200644442,"Friday"
"472",2020-06-06,426922,"WA",95,162,4772,3.39480301760268,"Saturday"
"473",2020-06-07,430047,"WA",96,110,3125,3.52,"Sunday"
"474",2020-06-08,440607,"WA",97,510,10560,4.82954545454545,"Monday"
"475",2020-06-09,452358,"WA",98,408,11751,3.47204493234618,"Tuesday"
"476",2020-06-10,464779,"WA",99,368,12421,2.96272441832381,"Wednesday"
"477",2020-06-11,476749,"WA",100,400,11970,3.34168755221387,"Thursday"
"478",2020-06-12,486386,"WA",101,388,9637,4.02614921656117,"Friday"
"479",2020-06-13,492809,"WA",102,193,6423,3.00482640510665,"Saturday"
"480",2020-06-14,496902,"WA",103,136,4093,3.32274615196677,"Sunday"
"481",2020-06-15,508785,"WA",104,517,11883,4.3507531768072,"Monday"
"482",2020-06-16,521345,"WA",105,494,12560,3.93312101910828,"Tuesday"
"483",2020-06-17,532140,"WA",106,461,10795,4.27049559981473,"Wednesday"
"484",2020-06-18,541935,"WA",107,537,9795,5.48238897396631,"Thursday"
"485",2020-06-19,551941,"WA",108,517,10006,5.16689986008395,"Friday"
"486",2020-06-20,559013,"WA",109,314,7072,4.44004524886878,"Saturday"
"487",2020-06-21,562810,"WA",110,189,3797,4.97761390571504,"Sunday"
"488",2020-06-22,576444,"WA",111,719,13634,5.27358075399736,"Monday"
"489",2020-06-23,589542,"WA",112,616,13098,4.7030080928386,"Tuesday"
"490",2020-06-24,604087,"WA",113,675,14545,4.64077002406325,"Wednesday"
"491",2020-06-25,617320,"WA",114,660,13233,4.98753117206983,"Thursday"
"492",2020-06-26,630907,"WA",115,620,13587,4.56318539780673,"Friday"
"493",2020-06-27,639585,"WA",116,489,8678,5.63493892601982,"Saturday"
"494",2020-06-28,644439,"WA",117,264,4854,5.43881334981459,"Sunday"
"495",2020-06-29,662055,"WA",118,984,17616,5.5858310626703,"Monday"
"496",2020-06-30,679784,"WA",119,902,17729,5.08770940267359,"Tuesday"
"497",2020-07-01,695932,"WA",120,878,16148,5.43720584592519,"Wednesday"
"498",2020-07-02,710743,"WA",121,869,14811,5.86726081966106,"Thursday"
"499",2020-07-03,720812,"WA",122,443,10069,4.39964246697785,"Friday"
"500",2020-07-04,725446,"WA",123,231,4634,4.98489425981873,"Saturday"
"501",2020-07-05,730249,"WA",124,293,4803,6.10035394545076,"Sunday"
"502",2020-07-06,747998,"WA",125,969,17749,5.45946250492986,"Monday"
"503",2020-07-07,765654,"WA",126,1047,17656,5.92999546896239,"Tuesday"
"504",2020-07-08,781051,"WA",127,960,15397,6.23498084042346,"Wednesday"
"505",2020-07-09,793550,"WA",128,842,12499,6.73653892311385,"Thursday"
"506",2020-07-10,807777,"WA",129,841,14227,5.91129542419344,"Friday"
"507",2020-07-11,818120,"WA",130,526,10343,5.08556511650392,"Saturday"
"508",2020-07-12,823502,"WA",131,334,5382,6.20587142326273,"Sunday"
"509",2020-07-13,842062,"WA",132,1070,18560,5.76508620689655,"Monday"
"510",2020-07-14,859975,"WA",133,948,17913,5.29224585496567,"Tuesday"
"511",2020-07-15,876825,"WA",134,962,16850,5.70919881305638,"Wednesday"
"512",2020-07-16,892236,"WA",135,825,15411,5.35331905781585,"Thursday"
"513",2020-07-17,908633,"WA",136,878,16397,5.35463804354455,"Friday"
"514",2020-07-18,918320,"WA",137,524,9687,5.40931144833282,"Saturday"
"515",2020-07-19,923531,"WA",138,334,5211,6.40951832661677,"Sunday"
"516",2020-07-20,941258,"WA",139,990,17727,5.58470130309697,"Monday"
"517",2020-07-21,958315,"WA",140,1084,17057,6.35516210353521,"Tuesday"
"518",2020-07-22,974082,"WA",141,1016,15767,6.44383839665123,"Wednesday"
"519",2020-07-23,988535,"WA",142,871,14453,6.02643049885837,"Thursday"
"520",2020-07-24,1003710,"WA",143,793,15175,5.22570016474465,"Friday"
"521",2020-07-25,1013279,"WA",144,482,9569,5.03709896540913,"Saturday"
"522",2020-07-26,1018223,"WA",145,321,4944,6.49271844660194,"Sunday"
"523",2020-07-27,1035519,"WA",146,973,17296,5.62557816836263,"Monday"
"524",2020-07-28,1051622,"WA",147,909,16103,5.64491088617028,"Tuesday"
"525",2020-07-29,1066898,"WA",148,875,15276,5.72793925111286,"Wednesday"
"526",2020-07-30,1081486,"WA",149,733,14588,5.02467781738415,"Thursday"
"527",2020-07-31,1096302,"WA",150,687,14816,4.63687904967603,"Friday"
"528",2020-08-01,1105298,"WA",151,410,8996,4.55758114717652,"Saturday"
"529",2020-08-02,1110085,"WA",152,228,4787,4.76289951953207,"Sunday"
"530",2020-08-03,1127619,"WA",153,840,17534,4.79069236911144,"Monday"
"531",2020-08-04,1143993,"WA",154,839,16374,5.1239770367656,"Tuesday"
"532",2020-08-05,1159061,"WA",155,725,15068,4.81152110432705,"Wednesday"
"533",2020-08-06,1173650,"WA",156,706,14589,4.83926245801631,"Thursday"
"534",2020-08-07,1188665,"WA",157,659,15015,4.38894438894439,"Friday"
"535",2020-08-08,1198007,"WA",158,366,9342,3.91779062299294,"Saturday"
"536",2020-08-09,1202997,"WA",159,195,4990,3.90781563126252,"Sunday"
"537",2020-08-10,1221951,"WA",160,803,18954,4.23657275509127,"Monday"
"538",2020-08-11,1237902,"WA",161,683,15951,4.28186320606858,"Tuesday"
"539",2020-08-12,1254514,"WA",162,601,16612,3.61786660245606,"Wednesday"
"540",2020-08-13,1269631,"WA",163,606,15117,4.00873189124826,"Thursday"
"541",2020-08-14,1284141,"WA",164,623,14510,4.29359062715369,"Friday"
"542",2020-08-15,1292977,"WA",165,345,8836,3.90448166591218,"Saturday"
"543",2020-08-16,1297928,"WA",166,150,4951,3.02969097152091,"Sunday"
"544",2020-08-17,1314115,"WA",167,640,16187,3.95379007845802,"Monday"
"545",2020-08-18,1329216,"WA",168,598,15101,3.9600026488312,"Tuesday"
"546",2020-08-19,1344043,"WA",169,563,14827,3.79712686315505,"Wednesday"
"547",2020-08-20,1356868,"WA",170,443,12825,3.4541910331384,"Thursday"
"548",2020-08-21,1369264,"WA",171,441,12396,3.55759922555663,"Friday"
"549",2020-08-22,1376533,"WA",172,184,7269,2.53129728986105,"Saturday"
"550",2020-08-23,1379036,"WA",173,61,2503,2.43707550938873,"Sunday"
"551",2020-08-24,1380050,"WA",174,22,1014,2.16962524654832,"Monday"
"552",2020-08-25,1380050,"WA",175,0,0,NA,"Tuesday"
"553",2020-08-26,1380104,"WA",176,24,54,44.4444444444444,"Wednesday"
"554",2020-08-27,1391309,"WA",177,456,11205,4.06961178045515,"Thursday"
"555",2020-08-28,1408164,"WA",178,542,16855,3.21566300800949,"Friday"
"556",2020-08-29,1423771,"WA",179,598,15607,3.83161401935029,"Saturday"
"557",2020-08-30,1461354,"WA",180,1019,37583,2.71133225128382,"Sunday"
"558",2020-08-31,1461354,"WA",181,0,0,NA,"Monday"
"559",2020-09-01,1473245,"WA",182,315,11891,2.64906231603734,"Tuesday"
"560",2020-09-02,1480039,"WA",183,304,6794,4.47453635560789,"Wednesday"
"561",2020-09-03,1496353,"WA",184,438,16314,2.68481059212946,"Thursday"
"562",2020-09-04,1518089,"WA",185,479,21736,2.20371733529628,"Friday"
"563",2020-09-05,1534090,"WA",186,479,16001,2.99356290231861,"Saturday"
"564",2020-09-06,1550477,"WA",187,501,16387,3.05730151949716,"Sunday"
"565",2020-09-07,1563053,"WA",188,399,12576,3.17270992366412,"Monday"
"566",2020-09-08,1563053,"WA",189,0,0,NA,"Tuesday"
"567",2020-09-09,1583903,"WA",190,774,20850,3.71223021582734,"Wednesday"
"568",2020-09-10,1597987,"WA",191,458,14084,3.25191706901448,"Thursday"
"569",2020-09-11,1614748,"WA",192,544,16761,3.24562973569596,"Friday"
"570",2020-09-12,1631162,"WA",193,465,16414,2.83294748385525,"Saturday"
"571",2020-09-13,1644585,"WA",194,350,13423,2.60746479922521,"Sunday"
"572",2020-09-14,1653967,"WA",195,312,9382,3.32551694734598,"Monday"
"573",2020-09-15,1665715,"WA",196,327,11748,2.78345250255363,"Tuesday"
"574",2020-09-16,1676702,"WA",197,347,10987,3.15827796486757,"Wednesday"
"575",2020-09-17,1691047,"WA",198,386,14345,2.69083304287208,"Thursday"
"576",2020-09-18,1704670,"WA",199,404,13623,2.96557292813624,"Friday"
"577",2020-09-19,1704670,"WA",200,0,0,NA,"Saturday"
"578",2020-09-20,1723040,"WA",201,597,18370,3.24986390854654,"Sunday"
"579",2020-09-21,1736556,"WA",202,349,13516,2.58212488902042,"Monday"
"580",2020-09-22,1740899,"WA",203,645,4343,14.8514851485149,"Tuesday"
"581",2020-09-23,1740899,"WA",204,0,0,NA,"Wednesday"
"582",2020-09-24,1743296,"WA",205,509,2397,21.2348769294952,"Thursday"
