"","pm.coefs","pm.coefs.low","pm.coefs.high","lag.pm","fips"
"1",0.0122646789089042,0.0104859386204155,0.0140466715502829,1,6001
"2",-0.0261302948451284,-0.0297779575296625,-0.022575655112757,2,6001
"3",0.0209839862917388,0.01768702923729,0.0242870836288506,3,6001
"4",-0.0249598102123494,-0.0287169116972916,-0.0212845806680905,4,6001
"5",0.0281760994202744,0.024579121451628,0.0318055256989402,5,6001
"6",-0.0277305135719684,-0.0313307064922682,-0.0242171086801625,6,6001
"7",0.0159577959520372,0.013009727054271,0.0189283107330349,7,6001
"8",-0.00379242885032162,-0.00603175262498648,-0.00156937945809919,8,6001
"9",-0.0317381399603374,-0.0594719200744541,-0.00478168352469879,1,6009
"10",0.053791247538876,-0.00022623269152833,0.108070615215235,2,6009
"11",-0.0832056239962063,-0.143208467537594,-0.0281343784339255,3,6009
"12",0.142777705381419,0.0701621363671582,0.224589794077836,4,6009
"13",-0.148668514004646,-0.223420519347739,-0.0791684035726761,5,6009
"14",-0.0250337188445682,-0.0765656938332381,0.0222145791386692,6,6009
"15",0.075940415788155,0.01934224259415,0.138270183341927,7,6009
"16",-0.00589875776876837,-0.0265314807034334,0.0146144070641844,8,6009
"17",-0.00195810983016432,-0.00426044443129621,0.000303552204217043,1,6013
"18",0.0127461267383616,0.0095417262672101,0.0159357034132899,2,6013
"19",-0.00944771140481247,-0.013040185880125,-0.00590001372139902,3,6013
"20",0.00674127305836825,0.00305480933527565,0.0104036550859916,4,6013
"21",-0.0100711513623138,-0.0138036140967371,-0.00636010640232199,5,6013
"22",-0.00218415928065098,-0.00602127141864803,0.0016081327705686,6,6013
"23",0.0135107726917658,0.0102065215319639,0.0168226876679334,7,6013
"24",-0.00420118601660381,-0.00666602936266697,-0.00173704234743568,8,6013
"25",0.00612987278480793,0.00430567261328684,0.00794587212402777,1,6019
"26",-0.00483811275321517,-0.00774177824246131,-0.00193110217706404,2,6019
"27",-0.0191909176153193,-0.0227380127991552,-0.0156458954846536,3,6019
"28",0.0337109257079552,0.0284949598698787,0.0389136203268743,4,6019
"29",-0.029344401401986,-0.0326984767883093,-0.0260116025958207,5,6019
"30",0.0200686605640253,0.0163404050909001,0.0238040967324462,6,6019
"31",-0.0236461747771165,-0.0273795071658321,-0.0199399003559847,7,6019
"32",0.0159489100752727,0.0136680584401622,0.0182347163363943,8,6019
"33",0.00468187287460459,-0.00238680399865535,0.0116986366292253,1,6025
"34",0.0385002727769177,0.031391769927173,0.0456060881857729,2,6025
"35",0.00755921828772221,-0.000251597220347027,0.0153527952775539,3,6025
"36",-0.0773941553177311,-0.0869290788793109,-0.0679233323432866,4,6025
"37",0.0737194317015665,0.0647149415115379,0.0827285069538409,5,6025
"38",-0.0803046641743974,-0.0890027822759134,-0.0716264020706335,6,6025
"39",0.0430930643344645,0.0350804342850468,0.051104401743731,7,6025
"40",-0.00720754363600478,-0.0142942585455353,-0.000129163218515102,8,6025
"41",0.0321194838633553,0.00650907510810169,0.0584058931292705,1,6027
"42",-0.0949962567441167,-0.14696538334993,-0.0461238146074414,2,6027
"43",0.0255701772388609,-0.00582126027389587,0.0579572037505421,3,6027
"44",-0.00184619885098007,-0.0386140815937527,0.0352973995437625,4,6027
"45",0.0216036093916469,-0.0106289555460479,0.0580338624153315,5,6027
"46",-0.00205162245822456,-0.0526637084581699,0.0460993639231911,6,6027
"47",0.0279356962173735,-0.0167192764532763,0.0661264509388959,7,6027
"48",-0.0350596350295961,-0.0913014226972417,0.015795359871674,8,6027
"49",0.00496500052511767,0.00293620675297239,0.00698666263215048,1,6029
"50",-0.015074572577438,-0.0182172880789097,-0.0119493050768925,2,6029
"51",0.0193919608339629,0.0164795835077947,0.0223071121674981,3,6029
"52",-0.000376155627560775,-0.00370728481931746,0.00294290235135473,4,6029
"53",0.00689284040900749,0.00385420397466348,0.00993074336986018,5,6029
"54",-0.0149920727640565,-0.0182874183519991,-0.011724763459903,6,6029
"55",0.00621664642279764,0.00299294026732997,0.00943681504872096,7,6029
"56",0.00272655271410225,0.000284107929386956,0.00514823625815853,8,6029
"57",-0.0330911092441814,-0.0341677222603207,-0.0320205283803754,1,6037
"58",0.0358283220272157,0.0351904574651834,0.0364651779861064,2,6037
"59",0.00103964032068032,0.000277377622630211,0.0017976155659538,3,6037
"60",-0.00190990202259015,-0.00277711733787932,-0.00104816035380277,4,6037
"61",-0.00145464491872629,-0.00231899733557507,-0.00059558995953949,5,6037
"62",0.00602174435137085,0.0052368403242845,0.00680273725099289,6,6037
"63",0.00173703908296742,0.000968577623144312,0.0025023150857742,7,6037
"64",0.0075519691836866,0.00685303524458795,0.00824849932720936,8,6037
"65",0.00604146731862539,0.00315815078152842,0.00893707387638983,1,6039
"66",-0.0145839229715638,-0.0194081309204946,-0.00988885335134948,2,6039
"67",0.0158128408261076,0.010013958603688,0.0215965334056798,3,6039
"68",-0.00506579930109637,-0.00965651184837567,-0.00065456881407863,4,6039
"69",0.00123262627802296,-0.00433747493337059,0.00672276170770399,5,6039
"70",-0.00664272298631138,-0.014533824091374,0.00113279341983186,6,6039
"71",0.00620140199723314,-0.000840735090895924,0.0131899492247156,7,6039
"72",0.00497860116016663,0.00152518476606837,0.00843770667108845,8,6039
"73",-0.0173369425363981,-0.0243413601700065,-0.0105933634537458,1,6041
"74",0.0350055358002567,0.0289538100812529,0.0409842153456789,2,6041
"75",-0.000368600654338095,-0.00813579708870138,0.00691699080641702,3,6041
"76",-0.036308354026294,-0.046329228252108,-0.0265083870496082,4,6041
"77",0.0293772496198165,0.0189230306029667,0.0394503829428113,5,6041
"78",-0.0704977580438111,-0.0833167399313989,-0.0577185798069775,6,6041
"79",0.0689963654665239,0.0610727564981889,0.0769260142745045,7,6041
"80",-0.0187832017584337,-0.0239198577765477,-0.0137508784412602,8,6041
"81",-0.00971492346371188,-0.0181509413205638,-0.001434502252623,1,6045
"82",-0.00161196356327064,-0.0104830601971666,0.00683407583656194,2,6045
"83",0.00413415940486946,-0.00485173681849266,0.0134262952133914,3,6045
"84",-0.00383553530170702,-0.0135313712387846,0.00547709228188964,4,6045
"85",-0.00462195963142392,-0.013204243236236,0.00334198980067065,5,6045
"86",0.0187016112859827,0.0106998780779645,0.0275135641784922,6,6045
"87",-0.0171637236188204,-0.0256068289077875,-0.00980051983114414,7,6045
"88",0.00476958506488685,0.00033664965662146,0.00895780608238293,8,6045
"89",-0.010258314623509,-0.0134296268702167,-0.00712114286665557,1,6047
"90",0.00484119520365142,-5.5271736295862e-06,0.00973134859681208,2,6047
"91",0.00662140441966321,0.000389547485021038,0.0128322362819686,3,6047
"92",-0.00808594170686497,-0.0167386637687661,0.000540527623158373,4,6047
"93",0.0068937487503067,-0.000578846618611573,0.0143676028149838,5,6047
"94",0.00170024125937418,-0.00380005342432255,0.00715213637549274,6,6047
"95",-0.00740634114058224,-0.0141626202401482,-0.00061902534846421,7,6047
"96",-0.00631563958296989,-0.0100065017733414,-0.00262549831763856,8,6047
"97",-0.0012297038482858,-0.0234684296675667,0.0177880411565126,1,6051
"98",0.00564111066999253,-0.0242293562092044,0.037611171300631,2,6051
"99",-0.0202843990770019,-0.0647216150860309,0.00718412977448665,3,6051
"100",0.0102920130069504,-0.0124032564555848,0.0444248857338752,4,6051
"101",0.00642481585231069,-0.0147685955856789,0.0369502774153531,5,6051
"102",-0.00476259544815889,-0.0345402071248694,0.0212494492416968,6,6051
"103",-0.00992249163458376,-0.0448709417317816,0.0160857706692156,7,6051
"104",0.000659524207279812,-0.0240551949060723,0.0382530075611627,8,6051
"105",0.0171829366604924,0.0153875469390739,0.0189897516560212,1,6053
"106",-0.0321637391263032,-0.0363674906096362,-0.0280243395720306,2,6053
"107",0.0305586498988285,0.0265437722513375,0.0345967481903177,3,6053
"108",-0.0433273395116386,-0.0476000473353843,-0.0391041705996928,4,6053
"109",0.0457191633373543,0.0421040870076795,0.0493651353283918,5,6053
"110",-0.0247886086600975,-0.0280254189652867,-0.0215709686251131,6,6053
"111",0.0133121635718573,0.00996841717029219,0.0166777974158595,7,6053
"112",-0.00706543402249907,-0.010037818807358,-0.00415066263415798,8,6053
"113",0.00833848161734528,-0.00242143969699959,0.019218861939572,1,6055
"114",-0.0116429060579137,-0.0278859044772497,0.00404314815237694,2,6055
"115",0.00830279655412408,-0.0139089987671895,0.0300210976901749,3,6055
"116",-0.00690517217457912,-0.0303755566212299,0.0162737215736129,4,6055
"117",0.0276885818747014,0.00348126280299785,0.0530646451698119,5,6055
"118",-0.0440932686623247,-0.073707668189948,-0.0163488895006051,6,6055
"119",0.0159663186835019,-0.00951504272581824,0.0414973715611,7,6055
"120",0.00371727856705759,-0.0117680125689522,0.0194845573502857,8,6055
"121",-0.0100569136501428,-0.0224885571774186,0.00185303135227977,1,6057
"122",0.047337997179649,0.0270886246569042,0.06846350972931,2,6057
"123",-0.0502211164783158,-0.0743406732012802,-0.0273407563769724,3,6057
"124",0.0244278042299326,0.00619361344783317,0.042881483981032,4,6057
"125",-0.00584803088196746,-0.0274632533042732,0.0154502087670376,5,6057
"126",-0.0101367482021672,-0.0360089691951264,0.0152674995533691,6,6057
"127",0.0282674020457585,0.0016092551998061,0.0560222176524165,7,6057
"128",-0.0100744567220719,-0.0284420460005375,0.0072101301895452,8,6057
"129",-0.00397157862871016,-0.00653881901720114,-0.00141628237557263,1,6059
"130",0.0169054242521222,0.0143431476011334,0.0194527351427675,2,6059
"131",-0.00268986693084085,-0.00520978302589175,-0.000189875631943648,3,6059
"132",0.0141605567245527,0.0117718440185623,0.0165325946007669,4,6059
"133",0.0019701698887754,-0.000407572909077164,0.00433177333423758,5,6059
"134",0.0037469142631696,0.00136352095472376,0.00611446444020773,6,6059
"135",0.0140253331944319,0.0115599304226556,0.0164804415440556,7,6059
"136",0.00584521205841148,0.00351893054273188,0.00815363380103256,8,6059
"137",-0.00752417368990136,-0.0117379592496346,-0.00334292445010552,1,6061
"138",0.00219766579681206,-0.00407016953334953,0.00840254495671716,2,6061
"139",0.00341036706668372,-0.00318886291671457,0.00998219267089579,3,6061
"140",-0.0119768522825538,-0.0186115214361964,-0.00547773947418875,4,6061
"141",0.0129658536622329,0.0065983758728444,0.0192893537245705,5,6061
"142",-0.00525910568274827,-0.0116321894762166,0.00103887581371812,6,6061
"143",-9.72101525731467e-05,-0.00618969581576834,0.00585756314793449,7,6061
"144",-0.00164559592635301,-0.00564215591581061,0.002308823905427,8,6061
"145",-0.0507588320597325,-0.0564381347881635,-0.0450945116562193,1,6065
"146",0.0686162373161586,0.0629592084150002,0.0742741906116095,2,6065
"147",-0.0652811610610019,-0.0715753348325953,-0.0590117032471453,3,6065
"148",0.0906789300678449,0.0838951771249647,0.0974655652088069,4,6065
"149",-0.0989040574219699,-0.105240005407878,-0.0925838056171483,5,6065
"150",0.0730036422935615,0.067384636321461,0.078626146615783,6,6065
"151",-0.0822598862078803,-0.0881607450984435,-0.0763819827902805,7,6065
"152",0.0335738723023904,0.0289366291199602,0.0382218069828387,8,6065
"153",0.0158032143129424,0.0143648580719572,0.0172358336182705,1,6067
"154",-0.0170102915862368,-0.019774668079833,-0.0142768517193955,2,6067
"155",0.0032866533493857,0.000239159367257458,0.00634999238453977,3,6067
"156",0.00544568132274512,0.00250135567482678,0.00838680702153417,4,6067
"157",0.0100068059505397,0.00756004224329905,0.0124560449244134,5,6067
"158",-0.00896088895473534,-0.0120870480688283,-0.00584681184738945,6,6067
"159",0.000396133286474311,-0.00281875426441448,0.00362908589625315,7,6067
"160",0.0079520901824496,0.00594044535004486,0.00996057488167653,8,6067
"161",0.00685594308553251,-0.000226791500335841,0.0137804817357104,1,6069
"162",-0.00699785675450571,-0.0174480940961456,0.00338965770426887,2,6069
"163",0.00758526582451706,-0.00288755427463154,0.0180686092764489,3,6069
"164",0.0129500905216891,0.00139991083977454,0.0244162396437869,4,6069
"165",-0.0138466296776136,-0.0255395922969254,-0.00225375369287233,5,6069
"166",0.0115803756937061,0.000118090723553089,0.022949071269035,6,6069
"167",0.0101678580108557,-0.0010883130322041,0.0214066021948151,7,6069
"168",0.00571156200758251,-0.00289923283014012,0.0142709684649257,8,6069
"169",-0.00175904855131159,-0.00471974484971558,0.00119353427814017,1,6071
"170",-0.00392591614020887,-0.00764712544757514,-0.00020976153266115,2,6071
"171",-0.0125807174757741,-0.0166664224209883,-0.00850548931043496,3,6071
"172",0.0612934652016459,0.057044031053094,0.0655483666928338,4,6071
"173",-0.0864142077849651,-0.0909423852998771,-0.0819071195471218,5,6071
"174",0.0958996202062747,0.0912123605312169,0.100593213121922,6,6071
"175",-0.0813887971459392,-0.0863179511324729,-0.0764785417536411,7,6071
"176",0.0296717384505121,0.0268614942532466,0.0324650538465754,8,6071
"177",0.00814361450370193,0.00429071821260502,0.0119872202296373,1,6073
"178",-0.00826172806347226,-0.013797372049731,-0.00273183197599633,2,6073
"179",-0.0227659810326708,-0.0286827912583357,-0.0168635324193422,3,6073
"180",0.0228604825171881,0.0170484766886499,0.0286713931748968,4,6073
"181",-0.0167624495512797,-0.0224022519401853,-0.011135019025921,5,6073
"182",0.0198057166518645,0.0145127504058612,0.025097276004168,6,6073
"183",-0.0169063518660535,-0.0222511976948172,-0.0115664271530388,7,6073
"184",0.0125640676540573,0.0079125977767029,0.0172197103790181,8,6073
"185",-0.00979037279119425,-0.0123354181345698,-0.0072993492515308,1,6075
"186",0.012175422545434,0.00885842679797199,0.0154858779091434,2,6075
"187",-0.00667932585846108,-0.010595330614304,-0.00282602320147239,3,6075
"188",0.00466878515105006,0.000376104708721709,0.00894754467455482,4,6075
"189",-0.00436840691245602,-0.00854817744531118,-0.000201479317655741,5,6075
"190",0.00304328536334127,-0.000873732750580318,0.00691707616804981,6,6075
"191",-0.000826169133272747,-0.00437549907707027,0.00273262742401727,7,6075
"192",1.59528669535751e-05,-0.00268272102615498,0.00270412906876754,8,6075
"193",0.00248777845025481,0.000744763490326778,0.00422247390626386,1,6077
"194",-0.00782616781396814,-0.0107185985185624,-0.00493657517195011,2,6077
"195",0.00244141332305399,-0.000581963462228706,0.00545538912420972,3,6077
"196",0.0201958032773773,0.0175906055383715,0.022813368560199,4,6077
"197",-0.0274127464159461,-0.0305562391345822,-0.0243230637268094,5,6077
"198",0.00284946747575527,-0.000602317892556765,0.0062859374379176,6,6077
"199",-0.00467883948472699,-0.00812436233909242,-0.00122812052414857,7,6077
"200",0.00108062788717113,-0.000772535153378828,0.0029289688652536,8,6077
"201",-0.0114182947229769,-0.0183888306768397,-0.00459090661467557,1,6079
"202",0.00664968770243011,-0.00506757391237743,0.0183623257634725,2,6079
"203",0.00431930296333991,-0.011133914872688,0.0198114792215933,3,6079
"204",0.00123811831751095,-0.0150437241712911,0.0172538951283408,4,6079
"205",-0.0113275592649375,-0.0250036536747413,0.00237678633434006,5,6079
"206",0.00759889351515326,-0.00481889664696658,0.0199492469370179,6,6079
"207",-0.0061980767807182,-0.0171582675280538,0.00460494086886259,7,6079
"208",0.00695495871789715,-0.000728125759939581,0.0144847054620744,8,6079
"209",0.00211987413973909,0.000144763941692985,0.0040820303365159,1,6081
"210",8.61783536390896e-05,-0.00264943348398696,0.00278682830269136,2,6081
"211",-0.00295179276750307,-0.0065150648787931,0.000590948432009679,3,6081
"212",0.00601229951512408,0.00280940400273751,0.00919538790660657,4,6081
"213",-0.0113444370679368,-0.0150257620691563,-0.00771733427366213,5,6081
"214",0.00795524394115996,0.00513435594276624,0.0107655605151074,6,6081
"215",0.00260839857029682,-0.000653470511154906,0.00584932560583261,7,6081
"216",0.00297142786139842,0.00045476086400299,0.00548886417071429,8,6081
"217",-0.0484204326469186,-0.0554660096351972,-0.0414684433489056,1,6083
"218",0.0650094364265601,0.0553007478922698,0.0747580797949779,2,6083
"219",-0.0312215788166253,-0.0413500214633035,-0.0211760545388337,3,6083
"220",0.0481007394650574,0.036585841596849,0.0596473817402273,4,6083
"221",-0.0868771981906033,-0.0993972502000007,-0.0744913717795868,5,6083
"222",0.032351769932349,0.0197046444792262,0.0450083773970615,6,6083
"223",-0.0077428022951415,-0.0206693401889184,0.00513496190684962,7,6083
"224",0.000227352700895732,-0.00871367725223608,0.00917198361229429,8,6083
"225",0.00511785239762542,0.00358466077947917,0.00664074060713398,1,6085
"226",-0.00189329223368827,-0.0042218562781749,0.000421474434288834,2,6085
"227",-0.00475084052387233,-0.00731514412748705,-0.00219394234348529,3,6085
"228",-0.00562235726812491,-0.00824093982212421,-0.00301453688284283,4,6085
"229",0.00792186108639548,0.00556739317281059,0.0102712699467367,5,6085
"230",-0.000363265026709374,-0.00267316737819631,0.00193215988160997,6,6085
"231",0.00720637337071621,0.00486384281005736,0.00954892525983298,7,6085
"232",-0.00837332822992577,-0.0103860805695556,-0.00637245981392567,8,6085
"233",0.00563328506546109,0.00195337119743141,0.00946912277709657,1,6087
"234",-0.0130756856244611,-0.0203455538329377,-0.00624540052775113,2,6087
"235",0.00340238849506866,0.000985997535392746,0.0056931686990621,3,6087
"236",-0.00562732808262198,-0.00925732456946664,-0.00196326547474812,4,6087
"237",-0.00294821052934235,-0.00642942865284819,0.000285597498119531,5,6087
"238",-0.00202239475713443,-0.00543982892102433,0.0010010283544044,6,6087
"239",0.00156170248124826,-0.000891007180250798,0.00389552868115212,7,6087
"240",0.00145330597765516,-0.00074011443009609,0.00349108457241875,8,6087
"241",-0.0184424265409211,-0.0274015254168641,-0.00994201317270752,1,6089
"242",0.00123335666768754,-0.00951442132148331,0.012172932302774,2,6089
"243",-0.00902716198200541,-0.0217442217339809,0.00337377465197152,3,6089
"244",0.0263893731365704,0.0151139704645193,0.0378629832252387,4,6089
"245",-0.00876323370778571,-0.0209832420367898,0.00320180283679896,5,6089
"246",0.0129112564394783,0.00112713218768926,0.0245402305046831,6,6089
"247",-0.0338530205177554,-0.0468682683836604,-0.0215147162835639,7,6089
"248",0.0286041356344321,0.018832172165281,0.0386967360943829,8,6089
"249",-0.0175242090013869,-0.0213362651475053,-0.0138327096887609,1,6097
"250",0.0219989713292832,0.0160589495582725,0.0281208127685739,2,6097
"251",-0.0272051141915188,-0.0353111813883631,-0.0195966191939975,3,6097
"252",0.0110018753398399,0.00476007753927605,0.017278954592252,4,6097
"253",0.0232600788760082,0.0157517819720925,0.030904421825693,5,6097
"254",-0.0520827452587833,-0.0618247747545558,-0.0428243584168599,6,6097
"255",0.0295429197813712,0.0237605841420766,0.0354869339663878,7,6097
"256",-0.00606927040281905,-0.00959639030424429,-0.00255435763054834,8,6097
"257",-0.00734043360472719,-0.00964983841384768,-0.00507185843284582,1,6099
"258",-0.00259224273095126,-0.00566319792863337,0.000503543574190208,2,6099
"259",0.0146315603029808,0.0118765889184071,0.0173928543553918,3,6099
"260",-0.00241552573823712,-0.00486332185793193,2.23298784106598e-05,4,6099
"261",-0.0532302210075216,-0.0567672835176531,-0.0497405755920172,5,6099
"262",0.0407185033485995,0.037848100864067,0.043615657587128,6,6099
"263",0.0110012281908141,0.00866411418747043,0.0133445156395412,7,6099
"264",-0.0184825193618781,-0.0205943200108748,-0.0163915703768578,8,6099
"265",0.00650211704745289,0.00217818888869878,0.0108539866338893,1,6101
"266",-0.0166644103515677,-0.0232205937794315,-0.0102785255351751,2,6101
"267",0.0248484745844816,0.0183764582339655,0.0313512343490709,3,6101
"268",-0.020412894759014,-0.028152953721562,-0.0127328392300943,4,6101
"269",0.00449930312665622,-0.00209640088922095,0.0110053659353051,5,6101
"270",0.0158780709772921,0.00881643458494099,0.0229588687232055,6,6101
"271",-0.0212839733419447,-0.029475840616049,-0.0134534970977372,7,6101
"272",0.0097105185019472,0.00530825964443618,0.0140825305932554,8,6101
"273",0.00707723230454151,-0.015719987811264,0.0274124653526135,1,6103
"274",0.0540500145135222,0.027902508885734,0.0837341900559953,2,6103
"275",-0.162863618856909,-0.223338827760717,-0.11332463405042,3,6103
"276",0.070290637235853,0.0459345974085973,0.0985771873095013,4,6103
"277",-0.0763377973041673,-0.108384059661673,-0.0475541217599101,5,6103
"278",-0.0229757736807583,-0.055842400529853,0.00907955076181339,6,6103
"279",-0.1237800767238,-0.173568291274294,-0.0772055413576895,7,6103
"280",0.172688935602157,0.119668150905274,0.23188222642771,8,6103
"281",-0.000232917732365586,-0.00289934543224751,0.00241875570073876,1,6107
"282",-0.00610704143164781,-0.0108219953542923,-0.00138487762433089,2,6107
"283",0.0116408285899783,0.0078730398435558,0.0154026974130711,3,6107
"284",-0.0145417296809668,-0.018137620632709,-0.0109673032450335,4,6107
"285",-0.000507261786375113,-0.00450997798401257,0.0034900592729846,5,6107
"286",0.00994078445643795,0.00549481016307416,0.0143663123529842,6,6107
"287",-0.0134579456177397,-0.0182838760647708,-0.00871501096449476,7,6107
"288",0.00453243627002521,0.00123484977452473,0.00782169396451386,8,6107
"289",-0.0666701034623322,-0.0754324621033874,-0.0579920421793052,1,6111
"290",0.125003922221801,0.114337468114403,0.135703197225124,2,6111
"291",-0.0754627645753449,-0.0852606289354068,-0.0656873236851541,3,6111
"292",-0.0214714213529883,-0.0334941749290164,-0.00943036046310878,4,6111
"293",0.0316527992405803,0.0211616800605813,0.0421300146464234,5,6111
"294",-0.0486272727857975,-0.0596268567114283,-0.0376587463201726,6,6111
"295",0.0582430594135436,0.0470141199403263,0.069498616907673,7,6111
"296",-0.0350068528674075,-0.0434999871032593,-0.0265147112187999,8,6111
"297",0.00606417924197195,-0.00051998039017371,0.0126227022467731,1,6113
"298",0.000874099350436567,-0.00958130192600918,0.0112807207444634,2,6113
"299",-0.0192221407439934,-0.0306699716252081,-0.00798150858189038,3,6113
"300",0.0278198389923212,0.0161744510611614,0.0395998744283718,4,6113
"301",-0.00806773920825373,-0.0208077012694337,0.00446532886889224,5,6113
"302",-0.00785727636865057,-0.0208301509612598,0.00501792903381655,6,6113
"303",0.0107527393700439,-0.00124725369465108,0.0226525945193835,7,6113
"304",-0.00446357775605262,-0.012280251930237,0.00333502643883411,8,6113
"305",-0.00305126985997587,-0.0101734492778946,0.00244395526311868,1,41003
"306",-0.000605543502665348,-0.00640441165353956,0.00425676711647951,2,41003
"307",0.000778217363564661,-0.00305673936783428,0.00438941053451751,3,41003
"308",0.00241555929144146,-0.0034269816949649,0.0073975907369112,4,41003
"309",-0.00819541158994105,-0.017917226490449,0.000443891994702151,5,41003
"310",0.0060612869025524,-0.000690862417745378,0.0122592102387286,6,41003
"311",-0.000404726513713074,-0.00521239908360208,0.00396399517624961,7,41003
"312",0.00216749423045309,-0.00277559725842048,0.006912271219277,8,41003
"313",0.0337540630081762,0.00839788635407447,0.0586359080760858,1,41005
"314",0.000672288186033999,-0.0326183648386677,0.0332974397381404,2,41005
"315",-0.0563237667772582,-0.101767646137496,-0.0110230039593442,3,41005
"316",0.0290913999769103,-0.0119634321139307,0.069012799006317,4,41005
"317",-0.0277272296387705,-0.055105517059649,-0.000844910453044626,5,41005
"318",0.0281145143422659,0.00454478718427687,0.051811757424654,6,41005
"319",-0.0010587917516511,-0.0277258689799979,0.0256126911402882,7,41005
"320",-0.00544832218376352,-0.0211806792767289,0.0104167050123224,8,41005
"321",0.0276167683163099,0.00388936902865777,0.0642416176335102,1,41009
"322",-0.0429382497701087,-0.115578364981952,-0.000538704270752275,2,41009
"323",0.0278724833378235,-0.00976719287819907,0.08287094698682,3,41009
"324",0.00703443995151686,-0.0151261928525389,0.0295087310826478,4,41009
"325",-0.0108272015090291,-0.0414502845828202,0.0143828669648371,5,41009
"326",-0.00521116040147396,-0.0468939175591652,0.0320888069880628,6,41009
"327",-0.0079691669928707,-0.0521859006282279,0.0394219428503538,7,41009
"328",0.0286606557639723,-0.0153123122650594,0.0792131748423719,8,41009
"329",0.013691126427908,-0.0698935155348463,0.0924866777503767,1,41011
"330",-0.044459646077719,-0.0894751147880255,-0.00219454535395632,2,41011
"331",0.0317689927146966,-0.0159872122874877,0.0983346952687011,3,41011
"332",-0.0625489439586044,-0.152830479880064,-0.00643450446238817,4,41011
"333",0.0335420488469228,-0.0224035846988863,0.0919362302803329,5,41011
"334",-0.0470115950531101,-0.122026967355104,0.0178660263350395,6,41011
"335",0.000469943305508808,-0.0585992652257634,0.0497108845834799,7,41011
"336",0.0222807643301004,-0.0170922364206008,0.0631919355564656,8,41011
"337",0.00983498116288714,-0.0564151924119202,0.035764519081509,1,41013
"338",-0.162408974103549,-0.33477740507543,-0.034258241655611,2,41013
"339",0.127481587101862,0.0173049578858212,0.271295936587088,3,41013
"340",-0.0700254157622903,-0.209113308845988,0.0269807715069508,4,41013
"341",0.0275086325349837,-0.026148232389208,0.134374041710139,5,41013
"342",-0.0804699883849636,-0.25587201875439,0.0297291911677987,6,41013
"343",0.0568883905113577,-0.041265849911643,0.159767355104995,7,41013
"344",-0.0180438694031115,-0.131267030850867,0.0686545829569314,8,41013
"345",0.00407896024386615,-0.000576198480896459,0.00918057113099015,1,41017
"346",0.00142691138309813,-0.0034528469262784,0.00628572635385318,2,41017
"347",2.97474397742432e-05,-0.0043614056826226,0.00455874072593104,3,41017
"348",-0.00263081102731315,-0.00767405333779934,0.00217030209315859,4,41017
"349",0.00233574301217235,-0.00256098609130723,0.00741952049703191,5,41017
"350",-0.000359940436639106,-0.00653965988508417,0.00595331948961195,6,41017
"351",-9.68941671569439e-05,-0.00713935880478107,0.00752977071539836,7,41017
"352",0.0100015484448605,0.00276257671662828,0.0180303349752486,8,41017
"353",0.00452079340126774,-0.00277421326461943,0.0129681475478561,1,41019
"354",-0.00601376636600679,-0.0167744003702108,0.00312693145627592,2,41019
"355",0.00295980167188452,-0.00511932909353389,0.012364766436657,3,41019
"356",-0.00234926093436097,-0.0109018145317937,0.00529675595979419,4,41019
"357",0.00140784359543594,-0.00635793822908651,0.00980563298334631,5,41019
"358",-0.00206246838971963,-0.0104723152161886,0.00577874801025042,6,41019
"359",0.00721949937113496,-0.000138671636526313,0.015881407324938,7,41019
"360",-0.00630447325501317,-0.0154727417617822,0.000900228581015246,8,41019
"361",-0.00293534209056402,-0.00669405216950786,0.000692113598305103,1,41029
"362",0.00260060519884687,-0.00345281054133275,0.00863577163287335,2,41029
"363",0.0014499683549415,-0.00426874988505423,0.00716431869769904,3,41029
"364",-0.00405550818289519,-0.0100693753148447,0.00176027966410918,4,41029
"365",0.000472746048225094,-0.00543185265893624,0.00659041406739583,5,41029
"366",0.00425547323625258,-0.00131469158089284,0.00990273046861474,6,41029
"367",-0.00455062827561884,-0.00991414345764715,0.000844228145521289,7,41029
"368",0.000658680455297129,-0.00287251699538478,0.00418860046443047,8,41029
"369",-0.00315929064552316,-0.0197015036074625,0.00895885987864767,1,41033
"370",-0.0103096986550153,-0.0340379212712814,0.0108632627898382,2,41033
"371",0.0211407536072948,0.00382596454729208,0.0495676779758625,3,41033
"372",-0.00295828534770463,-0.0132876038700865,0.00815202043034419,4,41033
"373",-0.0127487912051377,-0.029743698919912,-0.000245064942510221,5,41033
"374",0.00503407025209153,-0.00702746313535932,0.0183147742705977,6,41033
"375",-0.00558629005974849,-0.018312005099145,0.00604008066773918,7,41033
"376",0.0020730167003937,-0.00746448968004035,0.0118373287542051,8,41033
"377",-0.00610332234305542,-0.010705742766237,-0.00154233627305684,1,41039
"378",0.00485533864837513,-0.00113839366176025,0.0109319039251065,2,41039
"379",-0.0034920873553005,-0.00920816062948326,0.00214094120398383,3,41039
"380",-0.000183131059435543,-0.0058006062342207,0.00545862376512151,4,41039
"381",0.00806222097219106,0.00293340346331935,0.0133069960861698,5,41039
"382",-0.00559180786197683,-0.0107753334407793,-0.000425831407088641,6,41039
"383",-0.00262723077454096,-0.00788149689165093,0.00261416291915707,7,41039
"384",-0.00118440369496022,-0.00562206360800509,0.00322472652674529,8,41039
"385",7.66635659332651e-05,-0.00426750662393752,0.00432481869897217,1,41043
"386",0.00476415998803403,0.000760286087720713,0.00885876675342634,2,41043
"387",-0.00498959303102178,-0.00945890504959438,-0.000719904257121279,3,41043
"388",-0.00236725640214927,-0.00645449921406023,0.00176448841248119,4,41043
"389",-0.000227411701871188,-0.00418061079915435,0.00371705269134015,5,41043
"390",0.00470052055440743,3.86199037102252e-05,0.00933422460972087,6,41043
"391",-7.73136209949547e-05,-0.00456246293988425,0.0042441809052051,7,41043
"392",0.00166551935168495,-0.00255585960002588,0.00578039030243451,8,41043
"393",0.0636120745039307,-0.000405782485411567,0.128235826045339,1,41045
"394",-0.0350381854857876,-0.0897906800699763,0.0195087864095293,2,41045
"395",0.0556418046472369,-0.0249930519573534,0.136567546590939,3,41045
"396",-0.0145196090278337,-0.0636046961670872,0.0351045365913776,4,41045
"397",0.0376410041272855,-0.0603613859140854,0.134303501471961,5,41045
"398",-0.0486930639458056,-0.147123211599127,0.0503227636229909,6,41045
"399",0.0739260918995353,-0.0197560339572816,0.167302901196164,7,41045
"400",-0.00976728253137934,-0.0691168938947992,0.0498105164589667,8,41045
"401",0.000371956519228943,-0.000599218537325375,0.0013043896442756,1,41047
"402",-5.27002405820134e-05,-0.00117927735110954,0.00102355589482593,2,41047
"403",0.000845689106284312,-0.000284746630987998,0.00194946949833727,3,41047
"404",-0.00161831927590525,-0.00289278343945462,-0.000386369386260049,4,41047
"405",-0.00169395259018521,-0.00303248123947928,-0.000411629940250777,5,41047
"406",0.00196433898297159,0.000653842425685511,0.00326599223184622,6,41047
"407",0.00111944980775446,-0.000258006482307843,0.00248390620337913,7,41047
"408",-0.000436291784473081,-0.00166117108657552,0.00079001353554752,8,41047
"409",0.00157193475848659,1.86566484508784e-05,0.0030981825950668,1,41051
"410",0.000158977694485607,-0.00208913368951539,0.00240705315614334,2,41051
"411",-0.00350996459853164,-0.00574815003315233,-0.00128565027519027,3,41051
"412",0.000284558298205627,-0.00192404434886564,0.00250866027200062,4,41051
"413",0.000846374014542538,-0.00134352137101941,0.00307155734767368,5,41051
"414",0.00293396228059936,0.000792325715082146,0.00510362983870307,6,41051
"415",-0.00289510606880105,-0.0054810738876967,-0.000311676873805394,7,41051
"416",-0.000214477784171873,-0.00268760388335307,0.00225183269971439,8,41051
"417",0.000234961684680621,-0.00327968108649087,0.00368122086660468,1,41059
"418",-0.00289864833789199,-0.0104613517931603,0.00468843139720265,2,41059
"419",0.00700191943680553,-0.00304890271803647,0.0172288287200764,3,41059
"420",-0.00358552785488032,-0.0143166929791294,0.00710733239567716,4,41059
"421",-0.0097664509157593,-0.0199771001446371,8.06539654607096e-05,5,41059
"422",0.00960706456335835,-0.00109317671469888,0.0206879312769629,6,41059
"423",0.000893036739459504,-0.00923900031227529,0.010787079378734,7,41059
"424",-0.00167098105420741,-0.00742946556269054,0.00389674050633564,8,41059
"425",0.0137775871732326,-0.0119234048220429,0.0362228436481585,1,41061
"426",-0.0198963328375185,-0.0673747905179813,0.0125706828465428,2,41061
"427",0.00485387854644424,-0.0322895649787648,0.0630323134793775,3,41061
"428",0.0074144341176239,-0.0327771865122085,0.0406675513708705,4,41061
"429",0.0297761604564018,-0.0044927108263669,0.0678545458834903,5,41061
"430",-0.0274726457318632,-0.0885625939936224,0.0118139856617183,6,41061
"431",-0.0430939844294822,-0.117793587882602,0.0322908831063865,7,41061
"432",-0.0554939771169192,-0.14271753090414,0.0150319493199577,8,41061
"433",0.0268835507259089,-0.095199621394515,0.146304936562603,1,41063
"434",0.000663136558586616,-0.259139156887995,0.155462269339896,2,41063
"435",0.0169515056672672,-0.226754282911193,0.311788615200754,3,41063
"436",0.0611552368835508,-0.166253479782148,0.326800441354523,4,41063
"437",-0.0465049947812271,-0.303081887452492,0.208336870308484,5,41063
"438",0.014348871096512,-0.462186266437927,0.342179588431818,6,41063
"439",-0.0727351508994915,-0.538615974521255,0.270088079236421,7,41063
"440",0.104691095426654,-0.14853629404463,0.430007734708876,8,41063
"441",-0.000784730738959288,-0.0114038813785114,0.00840925003704237,1,41065
"442",-0.0041478762131615,-0.0202749940879554,0.0124521582521568,2,41065
"443",0.00809959782405888,-0.00797644038230502,0.0282594777601645,3,41065
"444",-0.0219093380378714,-0.0426462590023815,-0.00726459149155918,4,41065
"445",0.0140465055797569,0.00107604436881237,0.0317010590206759,5,41065
"446",0.000767363797928989,-0.0177830211525064,0.0216484064491731,6,41065
"447",-0.0138501987082518,-0.0322519226166769,-0.00236196184953406,7,41065
"448",0.00237536472183841,-0.00248666766196393,0.00760812834184366,8,41065
"449",0.000253280315641505,-0.0020278552862984,0.0024584900511626,1,41067
"450",0.000335699457455188,-0.00253218228884955,0.00322424808416056,2,41067
"451",-0.000629716950181469,-0.00322386299754625,0.00193229861896845,3,41067
"452",-0.000227033129082463,-0.00318461688375835,0.00267454676111891,4,41067
"453",0.000214126272791287,-0.00284719077444291,0.00330184414936044,5,41067
"454",0.00409642491692382,0.00131131363986162,0.00696924283218884,6,41067
"455",-0.00566164264362098,-0.00883681969283266,-0.00248829310623315,7,41067
"456",0.00244715235421235,-0.000764990627940237,0.00576070222817972,8,41067
"457",-0.0104513698587051,-0.0231085863413224,-0.00137447513404386,1,53001
"458",0.0144620805268525,0.00443514737539513,0.0275308287247907,2,53001
"459",0.00403724635981873,-0.00242072978026704,0.0104393524561694,3,53001
"460",-0.0123940000146362,-0.0226407742936805,-0.00352307844459827,4,53001
"461",-0.000838345008706272,-0.0152497934533351,0.0114711706850867,5,53001
"462",0.00754331820348831,-0.00282159440892019,0.0201135611572717,6,53001
"463",-0.000275072358728554,-0.00921044595645671,0.00798298537365287,7,53001
"464",0.00289684402434606,-0.00485437316486419,0.0111317628028187,8,53001
"465",0.000185423732016217,-0.0163494169597782,0.0145458026639105,1,53003
"466",-0.0191394747534525,-0.0660629168266482,0.0009395530031482,2,53003
"467",0.0077898553013455,-0.0085920112322807,0.0361770778562135,3,53003
"468",-0.00971255191700105,-0.023757267142937,0.00288065339529755,4,53003
"469",-0.00744531269731119,-0.0210816513206867,0.00603581477672696,5,53003
"470",-0.0119653818427385,-0.0264289807308313,0.00158459407579503,6,53003
"471",-0.00822306659865537,-0.0365059964517212,0.020431471949212,7,53003
"472",-0.0709556405838343,-0.170926457374953,0.0155679324929976,8,53003
"473",-0.000704256147710318,-0.00422836522639623,0.00254594520970715,1,53005
"474",0.000224444364833317,-0.0045271334606895,0.00475178756146962,2,53005
"475",0.000457330196771259,-0.00501233376971654,0.00555323664363189,3,53005
"476",-0.00492880025178651,-0.0112179401307416,0.000824289267955276,4,53005
"477",0.000858580469707156,-0.00446480897937137,0.00606585344207276,5,53005
"478",0.000966548298192239,-0.00504996198281994,0.00662013526159551,6,53005
"479",-0.00393984978387507,-0.0113548370740981,0.00257800717058646,7,53005
"480",-5.69454408717226e-05,-0.00583875875890159,0.00607030238650998,8,53005
"481",0.0033632450575917,-0.000720918409334727,0.00735097310809196,1,53007
"482",-0.000156980108648141,-0.00717817324564634,0.0067118738496147,2,53007
"483",0.00461115080735817,-0.00418174279713416,0.0130327932584231,3,53007
"484",-0.00296541286481604,-0.0117221896112019,0.00590127732394039,4,53007
"485",1.70101843467556e-05,-0.00983299718961112,0.00951366439749029,5,53007
"486",0.00171501278948466,-0.01096870767576,0.0139747559484675,6,53007
"487",0.00227149117624784,-0.011280740110136,0.0174182945130473,7,53007
"488",-0.00546242353336215,-0.0182904179389401,0.00561308876455871,8,53007
"489",0.0258031280111981,-0.00601709751491106,0.0519912419434758,1,53009
"490",-0.0633942154804267,-0.122829022817226,-0.00308854796309976,2,53009
"491",0.0603551037314107,-0.0115894730734241,0.1323867218536,3,53009
"492",-0.0555397103488636,-0.132333112766703,0.0207720696333981,4,53009
"493",0.0559065619752501,-0.0121062693811151,0.128101952650525,5,53009
"494",-0.0245525697308466,-0.0823520131622582,0.0305060181419692,6,53009
"495",0.0212985516185397,-0.0266762041347034,0.0689779448224108,7,53009
"496",-0.0181959099866561,-0.0575259078322974,0.0204960454563331,8,53009
"497",0.00246608744180932,0.000101105425688811,0.00481988547755961,1,53011
"498",-0.00647885755854249,-0.0106999819717234,-0.00244440194733106,2,53011
"499",0.00579130898054438,0.00176135789875238,0.0100595406865812,3,53011
"500",-0.00264437001427386,-0.00701745561364979,0.00147130566033647,4,53011
"501",-0.000520409474583947,-0.00540724858086681,0.00434502337871099,5,53011
"502",0.00351012284703994,-0.000128065719819753,0.00751060283114147,6,53011
"503",-0.00490969910094402,-0.0079776204044429,-0.00187861878178608,7,53011
"504",-0.00170833420071482,-0.005149150880081,0.00159286904458168,8,53011
"505",-0.00728146756624098,-0.0232338066556131,0.0072922598228998,1,53015
"506",-0.0176289958817405,-0.0427595139692072,0.00550448036801424,2,53015
"507",0.035720428985233,0.0180955759767692,0.0542937727249982,3,53015
"508",-0.00303208593921306,-0.0181161504865466,0.0126353088252405,4,53015
"509",-0.0184889901720458,-0.0418950327478384,0.00183136979034505,5,53015
"510",0.00713440549473544,-0.0133808212387422,0.0279260831486074,6,53015
"511",-0.0133456890926784,-0.0401856105601635,0.0131027131624527,7,53015
"512",0.0193843802311467,-0.0071148229891255,0.0461031530956341,8,53015
"513",0.00170967704303369,-0.00200141534919696,0.00507020796583273,1,53021
"514",0.000152805621573693,-0.00461731096759128,0.00489981927753097,2,53021
"515",0.0032339345393035,-0.00157906646427211,0.00802547284918554,3,53021
"516",-0.00718808884919366,-0.0140169694345587,-0.00104933513750988,4,53021
"517",0.000311593287574007,-0.00738177539711375,0.0077308247919878,5,53021
"518",-0.000449845241909318,-0.00925488845725764,0.00772834939679737,6,53021
"519",0.00176141369371629,-0.00543237419127256,0.00959002277957231,7,53021
"520",0.000724377311833387,-0.00418934084662769,0.00591959024401021,8,53021
"521",-0.00149794676325896,-0.00621101043869543,0.00286031589066824,1,53025
"522",0.00459561819178856,-0.0026502525625883,0.0122109940399914,2,53025
"523",0.00622215525058536,-0.00104343242278674,0.0135669038125646,3,53025
"524",-0.0221750107598991,-0.0300550608806741,-0.0144237465190174,4,53025
"525",0.0136175497168338,0.00452902798700451,0.0226196174653587,5,53025
"526",-0.00906000376679518,-0.0191624738885975,0.00130474574246251,6,53025
"527",0.0143968648043539,0.00579701770297812,0.0236503339348829,7,53025
"528",-0.0277303486053292,-0.0339405535221579,-0.0217505890074451,8,53025
"529",-0.0111176286495086,-0.0206350917473644,-0.00251229887381483,1,53027
"530",0.0147610445534234,0.00304451297332032,0.0273056077744264,2,53027
"531",-0.0101733756062601,-0.0222686031247111,0.00143237971627514,3,53027
"532",0.00894913252555879,-0.00342776147744457,0.0213800078850344,4,53027
"533",0.0108464632016381,-0.00360383173198617,0.025234048007449,5,53027
"534",-0.0131909867499872,-0.0270966217533817,0.00076014765057326,6,53027
"535",-0.0126184517553728,-0.0261447935922639,0.00032794919846933,7,53027
"536",0.0124530528202076,-0.000491202216423077,0.025612816424191,8,53027
"537",0.00447972892346676,-0.0654537290937841,0.0699499331562745,1,53029
"538",-0.00246355864123484,-0.115098968066934,0.126786169893854,2,53029
"539",-0.0141870567390271,-0.156843936657328,0.121975902866584,3,53029
"540",0.0554464018926883,-0.102998893853533,0.230432376658041,4,53029
"541",-0.0134183380289056,-0.173422549027773,0.141521600395885,5,53029
"542",-0.0175698699017803,-0.143363983181031,0.106472108205177,6,53029
"543",-0.0148120579169866,-0.115400483092592,0.0864268157441486,7,53029
"544",0.0275588366163364,-0.0553412858442417,0.113220815574446,8,53029
"545",0.420757425867639,0.0847684356478407,0.870030995553763,1,53031
"546",-0.338000425883742,-0.855327924707408,0.114188332343302,2,53031
"547",0.261369143972111,-0.213177787548909,0.681841577892585,3,53031
"548",-0.334176535125728,-0.78753773457015,0.106244598610709,4,53031
"549",0.0518141246369478,-0.402326009272499,0.513605426907132,5,53031
"550",-0.0128650414821217,-0.497412599761623,0.452957397270816,6,53031
"551",0.270331319838123,-0.196427461544842,0.760602832321258,7,53031
"552",-0.0446118445614335,-0.427485577752152,0.321891220963617,8,53031
"553",0.00210748932423396,-0.000691812274346964,0.00487420151822383,1,53033
"554",-0.00132550187826993,-0.00619803794604739,0.00357371662941423,2,53033
"555",-0.00292673200674207,-0.0079468918423174,0.00207271658970027,3,53033
"556",-0.00951002722725135,-0.0147446644416274,-0.00429653800952219,4,53033
"557",0.017272350372986,0.0121163898485568,0.0224347783673022,5,53033
"558",-0.00449068595241512,-0.00931511269124536,0.000341508280505212,6,53033
"559",-0.00159098168859679,-0.00634294172958303,0.00313157140547559,7,53033
"560",-0.0055694143121724,-0.00979147816964293,-0.00135065301468265,8,53033
"561",-0.00406967429468125,-0.0142528679239722,0.00573594615992079,1,53035
"562",0.00572670488537465,-0.0129073975512008,0.0242473306604001,2,53035
"563",-0.0129689509721252,-0.0344493942050968,0.0084590572804554,3,53035
"564",0.013680025512526,-0.013037613660561,0.0407273698030301,4,53035
"565",-0.00151060515247872,-0.0312254975190228,0.0289427303613687,5,53035
"566",0.0112477550214231,-0.0158544291309455,0.0392635677071666,6,53035
"567",-0.0200123828381659,-0.0454846213444354,0.00541411086317028,7,53035
"568",0.00301320063194891,-0.0198920702536806,0.0253028863379248,8,53035
"569",-0.00158887206690226,-0.00981006632171661,0.00569739649904524,1,53037
"570",0.00183774418004201,-0.0101661754109555,0.0148004766442698,2,53037
"571",-0.00784320913304378,-0.0302606001364369,0.009208459141955,3,53037
"572",0.000892224580448847,-0.0161117573447915,0.0186709263302742,4,53037
"573",0.00688316414479637,-0.0123204104232431,0.0246419378717274,5,53037
"574",-0.0165107738634635,-0.0399640713610931,0.0049901202545439,6,53037
"575",-0.00852117323175871,-0.04616942459802,0.0142618692225374,7,53037
"576",-0.0163395439836498,-0.032950462183778,-0.00109417293523604,8,53037
"577",0.0114281510118129,0.00405954706128047,0.0175561339974952,1,53039
"578",-0.0331027478850093,-0.0903585392121568,-0.00407130209555403,2,53039
"579",-0.0196827358885711,-0.116432780640721,0.00677853912009447,3,53039
"580",0.0753774864128866,0.0228571096582878,0.180371999311825,4,53039
"581",-0.0600016282385613,-0.157496758962164,-0.00354538803692027,5,53039
"582",0.029796415212487,-0.00962478290233834,0.109032654403502,6,53039
"583",-0.0453749474396354,-0.143457253028646,-0.00945353120129955,7,53039
"584",0.00828406549090936,-0.0376881821468088,0.0624714692292326,8,53039
"585",-0.0151003116991911,-0.0321014095361366,0.000883852441112436,1,53041
"586",0.0248947761547179,-0.00227795771304721,0.0534560098832535,2,53041
"587",-0.033792767798799,-0.0658709953972191,-0.00504961067999572,3,53041
"588",0.0553097614351747,0.0257879765209371,0.090779026199563,4,53041
"589",-0.0588155754011436,-0.0952440448862955,-0.028774957033936,5,53041
"590",0.0381787669896042,0.00943641370893498,0.0717110350422655,6,53041
"591",-0.0373364576687437,-0.0605936482990005,-0.0142671602622348,7,53041
"592",0.0105201002146284,-0.0105354647291176,0.03114282863469,8,53041
"593",0.000929456912186856,-0.00970439263323243,0.0101460123461236,1,53045
"594",-0.0106489725509459,-0.0301811253520342,0.00869341539436803,2,53045
"595",0.0109687713465256,-0.0108675990225662,0.033015758693262,3,53045
"596",-0.00821885689952024,-0.0354439002713085,0.0176812432325334,4,53045
"597",0.0108467640080074,-0.0175015757684369,0.0416953059429881,5,53045
"598",0.00187559549439502,-0.0262262639605594,0.0291610535549353,6,53045
"599",-0.00792614142169501,-0.0363767845807716,0.0204733660833724,7,53045
"600",0.00216465827538035,-0.0220083351860863,0.0251948169945614,8,53045
"601",-0.02155048071462,-0.0361540318667967,-0.00832284200923989,1,53047
"602",0.0487009944663015,0.0248899966563644,0.0731342205213176,2,53047
"603",-0.0229656912612709,-0.0528281477582141,0.00805457393476984,3,53047
"604",-0.00708998378808826,-0.0463830972168434,0.029623676647455,4,53047
"605",-0.00291520865899177,-0.0395097781904935,0.0363746131087592,5,53047
"606",0.00355464440373274,-0.0322577183378406,0.0390761414431342,6,53047
"607",-0.0184700048518505,-0.0467229687261173,0.00733874626386281,7,53047
"608",0.00558369351600183,-0.0101204898206954,0.0207534761732389,8,53047
"609",0.000880511986851878,-0.0358732692410393,0.0425501422318674,1,53049
"610",-0.047869174443331,-0.19301006846831,0.0508024897296401,2,53049
"611",0.0629908079161745,-0.0603731320124408,0.238969045197917,3,53049
"612",0.00236441039547311,-0.129841357047598,0.103182016671063,4,53049
"613",-0.0654667143592847,-0.252952405841146,0.113293096059774,5,53049
"614",0.0526232236052317,-0.129834441000403,0.272836482448715,6,53049
"615",-0.00282022122232144,-0.118847357315619,0.167838871125259,7,53049
"616",-0.0079780235309831,-0.0899970097938258,0.0743149631239622,8,53049
"617",-0.00798106406605174,-0.0127429540006765,-0.00331175676956596,1,53053
"618",0.0145476652439342,0.0066014715900266,0.0225609038630353,2,53053
"619",-0.0104769220951797,-0.0184959986070949,-0.00247895457040154,3,53053
"620",0.00369152918687372,-0.00425765242834194,0.011589686671333,4,53053
"621",-0.0140265453657809,-0.0220302282988445,-0.00605158684631708,5,53053
"622",0.0229185788680004,0.0151658481013885,0.0306972540216341,6,53053
"623",-0.0197202269826416,-0.027423733972823,-0.0121231407789299,7,53053
"624",0.00898939379316537,0.00289074160263639,0.0151170757942549,8,53053
"625",0.00393594612495025,-0.0224617726434453,0.0280261929915165,1,53057
"626",-0.0301636382027967,-0.0738731932499666,0.0155270444120609,2,53057
"627",0.0145346358792319,-0.0366372472774163,0.0653088960259169,3,53057
"628",-0.00530292253592513,-0.0681179972100818,0.0553473543177771,4,53057
"629",-0.00220888710286967,-0.0586412131934189,0.0551309812368442,5,53057
"630",0.0277486756474694,-0.0191544670138701,0.0759022486567769,6,53057
"631",-0.0280626836901378,-0.0771327261914911,0.0157916148683496,7,53057
"632",0.00379995429869818,-0.0299894790678569,0.0398223399862788,8,53057
"633",-0.0110671979901005,-0.0163322257549813,-0.00583270119768949,1,53061
"634",0.0216847109693417,0.0137120390990871,0.0297009553908082,2,53061
"635",-0.020248721938243,-0.0286017159998457,-0.011827647385432,3,53061
"636",0.0164825492461864,0.00754469706224784,0.0254823437668119,4,53061
"637",-0.0224457120307115,-0.0318958719818666,-0.0130009804082077,5,53061
"638",0.0334241080289227,0.0235455829571559,0.0434704623695794,6,53061
"639",-0.0315633987175304,-0.0399846685529012,-0.0232295026536358,7,53061
"640",0.0142074743302887,0.00802724432329985,0.0205575602585731,8,53061
"641",-0.00268846873607172,-0.00390381160838304,-0.00152399568164167,1,53063
"642",0.00432039709529107,0.00261826847801144,0.00600853793731096,2,53063
"643",-0.0054218708727526,-0.00761090134538,-0.00337370122187953,3,53063
"644",0.00246922060025605,0.000628511653469328,0.00433009842634795,4,53063
"645",-0.000344009453805363,-0.00209326095542165,0.00137032559949864,5,53063
"646",-0.0019135170216696,-0.00379469701808553,-9.72463115652745e-05,6,53063
"647",0.0019307115329903,0.000345570570531676,0.00352480669036145,7,53063
"648",-0.0037098882678888,-0.00513840976039128,-0.00232136162423968,8,53063
"649",-0.00300424384367387,-0.0142964615186351,0.00775723127011832,1,53065
"650",0.00928275048583678,-0.0149218425632369,0.0344178779384292,2,53065
"651",-0.0283372330612725,-0.0728410777450266,-0.00145505727922406,3,53065
"652",0.0290836770173811,0.00922188850449682,0.0785446886332654,4,53065
"653",-0.0240363258458439,-0.10136012724129,-0.0019873018544796,5,53065
"654",0.0120175419940174,-0.00306883924463758,0.0494012283221647,6,53065
"655",0.000264238537710342,-0.0106959824629016,0.0122488656617874,7,53065
"656",-0.00830536862525523,-0.0272796553697611,0.00321332471561783,8,53065
"657",-0.000869597829265586,-0.0131304542450229,0.0109166300681968,1,53067
"658",-0.00217327169581551,-0.0255131348927218,0.0215439678734188,2,53067
"659",-0.00644118598423018,-0.0343784266343813,0.0213879107685432,3,53067
"660",0.0128328914356376,-0.0180681114227275,0.0439674970677444,4,53067
"661",0.00050678406973539,-0.0307319961945317,0.0321989408634127,5,53067
"662",0.00812125659058555,-0.0218911562354139,0.0381241187120141,6,53067
"663",-0.0295993005283835,-0.05745393389281,-0.00235592934343076,7,53067
"664",0.0216365513240655,0.00150727877961184,0.0419905762017808,8,53067
"665",0.00180959006090388,-0.00187585501669094,0.00493286568498061,1,53071
"666",0.000262116244820079,-0.00471947767491777,0.00484725936667598,2,53071
"667",-0.00570683846276236,-0.01581627987406,0.00132915544072853,3,53071
"668",0.00296819063027786,-0.00461725046394821,0.01077764766834,4,53071
"669",0.00353699943039324,-0.000988923767161058,0.00858720274671706,5,53071
"670",0.000328086399948014,-0.00476464225509671,0.00477230617907525,6,53071
"671",0.00246210041562617,-0.0017728164003348,0.00655457448792434,7,53071
"672",0.00216133868666072,-0.0019901793192071,0.00623233725916931,8,53071
"673",-0.000799423820175932,-0.00941975554301014,0.00755472010982042,1,53073
"674",0.00447364384012526,-0.00994193161276764,0.0190103231362948,2,53073
"675",-0.0114032674595041,-0.0291939896400261,0.00570801202363555,3,53073
"676",-0.0093097416454026,-0.028733264287446,0.00958925145676278,4,53073
"677",0.0126704321097541,-0.00443383312730449,0.0300632696558439,5,53073
"678",0.00897992478122621,-0.00722987412261885,0.0252948470746638,6,53073
"679",-0.0176334034219972,-0.033968610543252,-0.00166462563422576,7,53073
"680",0.00565514921765468,-0.00558771079065034,0.0174634483711325,8,53073
"681",-0.0132744332877449,-0.0189309819280026,-0.00775616716155231,1,53075
"682",-0.0153388407715323,-0.0294622083921022,-0.00215403828640091,2,53075
"683",0.0417017246736493,0.0236633503438672,0.0611613400485085,3,53075
"684",-0.046553886369489,-0.0662716257231551,-0.0276933567863426,4,53075
"685",0.0350626208638925,0.0175352864800807,0.0532865063724401,5,53075
"686",-0.0233962078646562,-0.042237921073786,-0.00498420196483219,6,53075
"687",0.0280778115025865,0.0107077204174786,0.0458667286981933,7,53075
"688",-0.00925980285190935,-0.0204718746382535,0.0015995504341602,8,53075
"689",-0.00284380808076754,-0.00546667694796644,-0.000441990692015303,1,53077
"690",0.0015305457179958,-0.00203858281476122,0.00514773088320256,2,53077
"691",0.00236244645216406,-0.000961620640681737,0.00577325742629062,3,53077
"692",-0.00478847351585033,-0.0086407421314738,-0.00100295490858109,4,53077
"693",0.0023120433481293,-0.00122296844014613,0.0058740067675486,5,53077
"694",0.0034580269942477,9.20853810672893e-05,0.00694438248131945,6,53077
"695",-0.00643073955406297,-0.00974430849643861,-0.00324695479479634,7,53077
"696",0.000767708281550602,-0.00272226814629684,0.00431276878026027,8,53077
