"","date","ZIPS"
"1",2020-04-04,6025
"2",2020-04-05,6025
"3",2020-04-06,6025
"4",2020-04-07,6025
"5",2020-04-08,6025
"6",2020-04-09,6025
"7",2020-04-10,6025
"8",2020-04-11,6025
"9",2020-04-12,6025
"10",2020-04-23,6103
"11",2020-04-24,6103
"12",2020-04-27,6013
"13",2020-05-03,6019
"14",2020-05-07,6083
"15",2020-05-08,6083
"16",2020-05-09,6083
"17",2020-05-08,6007
"18",2020-05-18,6065
"19",2020-05-22,6055
"20",2020-05-23,6055
"21",2020-05-27,6079
"22",2020-05-28,6079
"23",2020-05-28,6065
"24",2020-06-02,6035
"25",2020-06-02,6065
"26",2020-06-03,6065
"27",2020-06-04,6065
"28",2020-06-05,6065
"29",2020-06-06,6065
"30",2020-06-07,6065
"31",2020-06-03,6095
"32",2020-06-04,6095
"33",2020-06-04,6089
"34",2020-06-04,6085
"35",2020-06-05,6085
"36",2020-06-06,6085
"37",2020-06-07,6085
"38",2020-06-05,6061
"39",2020-06-05,6097
"40",2020-06-06,6097
"41",2020-06-05,6095
"42",2020-06-06,6097
"43",2020-06-07,6097
"44",2020-06-08,6097
"45",2020-06-06,6095
"46",2020-06-07,6095
"47",2020-06-08,6095
"48",2020-06-09,6095
"49",2020-06-10,6095
"50",2020-06-06,6013
"51",2020-06-07,6013
"52",2020-06-07,6043
"53",2020-06-08,6043
"54",2020-06-09,6043
"55",2020-06-10,6043
"56",2020-06-08,6099
"57",2020-06-08,6065
"58",2020-06-09,6065
"59",2020-06-08,6053
"60",2020-06-09,6053
"61",2020-06-08,6065
"62",2020-06-09,6065
"63",2020-06-08,6065
"64",2020-06-09,6045
"65",2020-06-10,6045
"66",2020-06-09,6073
"67",2020-06-10,6073
"68",2020-06-11,6073
"69",2020-06-12,6073
"70",2020-06-10,6111
"71",2020-06-11,6111
"72",2020-06-12,6111
"73",2020-06-10,6079
"74",2020-06-11,6079
"75",2020-06-10,6111
"76",2020-06-11,6111
"77",2020-06-12,6111
"78",2020-06-13,6111
"79",2020-06-14,6111
"80",2020-06-15,6111
"81",2020-06-16,6111
"82",2020-06-17,6111
"83",2020-06-11,6073
"84",2020-06-12,6073
"85",2020-06-13,6073
"86",2020-06-14,6073
"87",2020-06-11,6073
"88",2020-06-12,6073
"89",2020-06-13,6073
"90",2020-06-11,6061
"91",2020-06-12,6067
"92",2020-06-13,6067
"93",2020-06-14,6067
"94",2020-06-15,6067
"95",2020-06-16,6067
"96",2020-06-17,6067
"97",2020-06-12,6019
"98",2020-06-13,6019
"99",2020-06-14,6019
"100",2020-06-15,6019
"101",2020-06-16,6019
"102",2020-06-17,6019
"103",2020-06-18,6019
"104",2020-06-19,6019
"105",2020-06-20,6019
"106",2020-06-21,6019
"107",2020-06-22,6019
"108",2020-06-23,6019
"109",2020-06-24,6019
"110",2020-06-25,6019
"111",2020-06-26,6019
"112",2020-06-27,6019
"113",2020-06-28,6019
"114",2020-06-29,6019
"115",2020-06-30,6019
"116",2020-07-01,6019
"117",2020-07-02,6019
"118",2020-07-03,6019
"119",2020-07-04,6019
"120",2020-07-05,6019
"121",2020-07-06,6019
"122",2020-07-07,6019
"123",2020-07-08,6019
"124",2020-06-13,6043
"125",2020-06-14,6043
"126",2020-06-15,6043
"127",2020-06-16,6043
"128",2020-06-13,6065
"129",2020-06-13,54041
"130",2020-06-14,54041
"131",2020-06-15,6079
"132",2020-06-16,6079
"133",2020-06-17,6079
"134",2020-06-18,6079
"135",2020-06-19,6079
"136",2020-06-16,6053
"137",2020-06-17,6053
"138",2020-06-18,6053
"139",2020-06-19,6053
"140",2020-06-20,6053
"141",2020-06-21,6053
"142",2020-06-16,6079
"143",2020-06-17,6079
"144",2020-06-16,6009
"145",2020-06-17,6009
"146",2020-06-18,6009
"147",2020-06-19,6009
"148",2020-06-20,6009
"149",2020-06-17,6007
"150",2020-06-17,6077
"151",2020-06-18,6077
"152",2020-06-17,6053
"153",2020-06-18,6053
"154",2020-06-19,6053
"155",2020-06-20,6053
"156",2020-06-21,6053
"157",2020-06-22,6053
"158",2020-06-17,6029
"159",2020-06-18,6029
"160",2020-06-18,6061
"161",2020-06-18,6107
"162",2020-06-19,6107
"163",2020-06-20,6107
"164",2020-06-21,6107
"165",2020-06-22,6107
"166",2020-06-18,6007
"167",2020-06-19,6107
"168",2020-06-20,6107
"169",2020-06-21,6107
"170",2020-06-22,6107
"171",2020-06-20,6007
"172",2020-06-21,6109
"173",2020-06-22,6109
"174",2020-06-23,6109
"175",2020-06-24,6109
"176",2020-06-25,6109
"177",2020-06-26,6109
"178",2020-06-27,6109
"179",2020-06-28,6109
"180",2020-06-29,6109
"181",2020-06-30,6109
"182",2020-07-01,6109
"183",2020-07-02,6109
"184",2020-07-03,6109
"185",2020-07-04,6109
"186",2020-07-05,6109
"187",2020-07-06,6109
"188",2020-07-07,6109
"189",2020-06-21,6053
"190",2020-06-22,6053
"191",2020-06-23,6053
"192",2020-06-24,6053
"193",2020-06-25,6053
"194",2020-06-21,6053
"195",2020-06-22,6053
"196",2020-06-22,6107
"197",2020-06-23,6107
"198",2020-06-24,6107
"199",2020-06-25,6107
"200",2020-06-26,6107
"201",2020-06-22,6053
"202",2020-06-23,6053
"203",2020-06-22,6079
"204",2020-06-23,6079
"205",2020-06-23,6019
"206",2020-06-24,6019
"207",2020-06-25,6019
"208",2020-06-26,6019
"209",2020-06-23,6035
"210",2020-06-24,6035
"211",2020-06-25,6035
"212",2020-06-26,6035
"213",2020-06-24,6035
"214",2020-06-25,6035
"215",2020-06-26,6035
"216",2020-06-24,6025
"217",2020-06-25,6025
"218",2020-06-26,6025
"219",2020-06-27,6025
"220",2020-06-25,6099
"221",2020-06-26,6099
"222",2020-06-25,6079
"223",2020-06-26,6079
"224",2020-06-27,6079
"225",2020-06-28,6079
"226",2020-06-26,6051
"227",2020-06-27,6051
"228",2020-06-28,6051
"229",2020-06-29,6051
"230",2020-06-30,6051
"231",2020-07-01,6051
"232",2020-07-02,6051
"233",2020-06-27,32031
"234",2020-06-28,32031
"235",2020-06-29,32031
"236",2020-06-30,32031
"237",2020-07-01,32031
"238",2020-07-02,32031
"239",2020-07-03,32031
"240",2020-07-04,32031
"241",2020-07-05,32031
"242",2020-07-06,32031
"243",2020-06-28,6085
"244",2020-06-29,6085
"245",2020-06-30,6085
"246",2020-07-01,6085
"247",2020-07-02,6085
"248",2020-07-03,6085
"249",2020-06-28,6079
"250",2020-06-29,6035
"251",2020-06-30,6007
"252",2020-07-01,6007
"253",2020-07-02,6007
"254",2020-07-03,6007
"255",2020-06-30,6105
"256",2020-07-01,6105
"257",2020-07-02,6105
"258",2020-07-03,6105
"259",2020-07-04,6105
"260",2020-07-05,6105
"261",2020-07-06,6105
"262",2020-07-07,6105
"263",2020-07-08,6105
"264",2020-07-09,6105
"265",2020-07-10,6105
"266",2020-07-11,6105
"267",2020-07-12,6105
"268",2020-07-13,6105
"269",2020-07-14,6105
"270",2020-07-15,6105
"271",2020-07-16,6105
"272",2020-07-17,6105
"273",2020-07-18,6105
"274",2020-07-19,6105
"275",2020-07-20,6105
"276",2020-07-21,6105
"277",2020-07-22,6105
"278",2020-07-23,6105
"279",2020-07-24,6105
"280",2020-07-01,6029
"281",2020-07-02,6029
"282",2020-07-03,6029
"283",2020-07-01,6037
"284",2020-07-02,6037
"285",2020-07-03,6037
"286",2020-07-04,6037
"287",2020-07-05,6037
"288",2020-07-02,6039
"289",2020-07-03,6039
"290",2020-07-03,6079
"291",2020-07-04,6079
"292",2020-07-05,6079
"293",2020-07-03,6071
"294",2020-07-04,6071
"295",2020-07-05,6071
"296",2020-07-06,6071
"297",2020-07-04,6001
"298",2020-07-05,6001
"299",2020-07-05,6085
"300",2020-07-06,6085
"301",2020-07-05,6085
"302",2020-07-06,6085
"303",2020-07-07,6085
"304",2020-07-08,6085
"305",2020-07-09,6085
"306",2020-07-10,6085
"307",2020-07-11,6085
"308",2020-07-12,6085
"309",2020-07-13,6085
"310",2020-07-05,6037
"311",2020-07-06,6037
"312",2020-07-07,6037
"313",2020-07-08,6037
"314",2020-07-09,6037
"315",2020-07-10,6037
"316",2020-07-06,6077
"317",2020-07-06,6095
"318",2020-07-07,6095
"319",2020-07-08,6095
"320",2020-07-09,6095
"321",2020-07-07,6011
"322",2020-07-08,6011
"323",2020-07-09,6011
"324",2020-07-09,6065
"325",2020-07-11,6085
"326",2020-07-11,6039
"327",2020-07-12,6039
"328",2020-07-13,6039
"329",2020-07-14,6039
"330",2020-07-15,6039
"331",2020-07-13,6065
"332",2020-07-13,6007
"333",2020-07-14,6007
"334",2020-07-15,6007
"335",2020-07-13,6065
"336",2020-07-14,6065
"337",2020-07-15,6065
"338",2020-07-13,6019
"339",2020-07-14,6019
"340",2020-07-15,6019
"341",2020-07-16,6019
"342",2020-07-17,6019
"343",2020-07-18,6019
"344",2020-07-19,6019
"345",2020-07-20,6019
"346",2020-07-21,6019
"347",2020-07-22,6019
"348",2020-07-23,6019
"349",2020-07-24,6019
"350",2020-07-25,6019
"351",2020-07-26,6019
"352",2020-07-15,6069
"353",2020-07-16,6069
"354",2020-07-17,6069
"355",2020-07-18,6069
"356",2020-07-15,6043
"357",2020-07-16,6043
"358",2020-07-17,6043
"359",2020-07-18,6043
"360",2020-07-15,6115
"361",2020-07-16,6001
"362",2020-07-17,6001
"363",2020-07-18,6001
"364",2020-07-19,6001
"365",2020-07-17,6071
"366",2020-07-18,6071
"367",2020-07-19,6071
"368",2020-07-20,6071
"369",2020-07-18,6093
"370",2020-07-19,6093
"371",2020-07-20,6093
"372",2020-07-21,6093
"373",2020-07-22,6093
"374",2020-07-23,6093
"375",2020-07-24,6093
"376",2020-07-25,6093
"377",2020-07-26,6093
"378",2020-07-27,6093
"379",2020-07-28,6093
"380",2020-07-18,6035
"381",2020-07-19,6035
"382",2020-07-20,6035
"383",2020-07-21,6035
"384",2020-07-22,6035
"385",2020-07-23,6035
"386",2020-07-24,6035
"387",2020-07-25,6035
"388",2020-07-26,6035
"389",2020-07-27,6035
"390",2020-07-28,6035
"391",2020-07-29,6035
"392",2020-07-30,6035
"393",2020-07-31,6035
"394",2020-08-01,6035
"395",2020-08-02,6035
"396",2020-08-03,6035
"397",2020-08-04,6035
"398",2020-08-05,6035
"399",2020-08-06,6035
"400",2020-08-07,6035
"401",2020-08-08,6035
"402",2020-08-09,6035
"403",2020-08-10,6035
"404",2020-08-11,6035
"405",2020-08-12,6035
"406",2020-08-13,6035
"407",2020-08-14,6035
"408",2020-08-15,6035
"409",2020-08-16,6035
"410",2020-08-17,6035
"411",2020-07-19,6089
"412",2020-07-20,6089
"413",2020-07-21,6089
"414",2020-07-22,6089
"415",2020-07-23,6089
"416",2020-07-24,6089
"417",2020-07-25,6089
"418",2020-07-26,6089
"419",2020-07-27,6089
"420",2020-07-20,6035
"421",2020-07-21,6035
"422",2020-07-22,6035
"423",2020-07-23,6035
"424",2020-07-24,6035
"425",2020-07-25,6035
"426",2020-07-26,6035
"427",2020-07-27,6035
"428",2020-07-28,6035
"429",2020-07-29,6035
"430",2020-07-30,6035
"431",2020-07-31,6035
"432",2020-08-01,6035
"433",2020-08-02,6035
"434",2020-08-03,6035
"435",2020-08-04,6035
"436",2020-08-05,6035
"437",2020-08-06,6035
"438",2020-08-07,6035
"439",2020-08-08,6035
"440",2020-08-09,6035
"441",2020-08-10,6035
"442",2020-08-11,6035
"443",2020-08-12,6035
"444",2020-07-20,6023
"445",2020-07-21,6023
"446",2020-07-22,6023
"447",2020-07-23,6023
"448",2020-07-24,6023
"449",2020-07-25,6023
"450",2020-07-26,6023
"451",2020-07-27,6023
"452",2020-07-28,6023
"453",2020-07-29,6023
"454",2020-07-30,6023
"455",2020-07-31,6023
"456",2020-08-01,6023
"457",2020-08-02,6023
"458",2020-08-03,6023
"459",2020-08-04,6023
"460",2020-08-05,6023
"461",2020-08-06,6023
"462",2020-08-07,6023
"463",2020-08-08,6023
"464",2020-08-09,6023
"465",2020-08-10,6023
"466",2020-08-11,6023
"467",2020-08-12,6023
"468",2020-08-13,6023
"469",2020-08-14,6023
"470",2020-08-15,6023
"471",2020-08-16,6023
"472",2020-08-17,6023
"473",2020-08-18,6023
"474",2020-07-20,6007
"475",2020-07-21,6007
"476",2020-07-20,6013
"477",2020-07-20,6071
"478",2020-07-21,6071
"479",2020-07-20,6039
"480",2020-07-21,6039
"481",2020-07-21,6051
"482",2020-07-22,6051
"483",2020-07-23,6051
"484",2020-07-24,6051
"485",2020-07-25,6051
"486",2020-07-26,6051
"487",2020-07-27,6051
"488",2020-07-28,6051
"489",2020-07-29,6051
"490",2020-07-30,6051
"491",2020-07-31,6051
"492",2020-08-01,6051
"493",2020-08-02,6051
"494",2020-08-03,6051
"495",2020-08-04,6051
"496",2020-08-05,6051
"497",2020-08-06,6051
"498",2020-08-07,6051
"499",2020-08-08,6051
"500",2020-08-09,6051
"501",2020-08-10,6051
"502",2020-08-11,6051
"503",2020-08-12,6051
"504",2020-07-24,6065
"505",2020-07-25,6065
"506",2020-07-24,6011
"507",2020-07-25,6011
"508",2020-07-25,6065
"509",2020-07-26,6065
"510",2020-07-27,6065
"511",2020-07-28,6065
"512",2020-07-26,6067
"513",2020-07-27,6037
"514",2020-07-28,6037
"515",2020-07-29,6037
"516",2020-07-30,6037
"517",2020-07-27,6023
"518",2020-07-28,6023
"519",2020-07-29,6023
"520",2020-07-30,6023
"521",2020-07-31,6023
"522",2020-07-28,6079
"523",2020-07-29,6079
"524",2020-07-30,6079
"525",2020-07-31,6079
"526",2020-08-01,6079
"527",2020-07-29,6071
"528",2020-07-30,6071
"529",2020-07-31,6071
"530",2020-08-01,6071
"531",2020-07-29,6067
"532",2020-07-30,6067
"533",2020-07-30,6065
"534",2020-07-31,6065
"535",2020-07-30,6029
"536",2020-07-31,6029
"537",2020-08-01,6079
"538",2020-08-02,6079
"539",2020-08-03,6079
"540",2020-08-04,6079
"541",2020-08-05,6079
"542",2020-08-06,6079
"543",2020-08-07,6079
"544",2020-08-08,6079
"545",2020-08-09,6079
"546",2020-08-02,6017
"547",2020-08-02,6065
"548",2020-08-03,6065
"549",2020-08-04,6065
"550",2020-08-02,6035
"551",2020-08-03,6035
"552",2020-08-04,6035
"553",2020-08-05,6035
"554",2020-08-06,6035
"555",2020-08-07,6035
"556",2020-08-08,6035
"557",2020-08-09,6035
"558",2020-08-10,6035
"559",2020-08-02,6011
"560",2020-08-03,6011
"561",2020-08-04,6011
"562",2020-08-05,6011
"563",2020-08-02,6037
"564",2020-08-03,6037
"565",2020-08-04,6037
"566",2020-08-02,6115
"567",2020-08-03,6115
"568",2020-08-03,6037
"569",2020-08-04,6037
"570",2020-08-05,6037
"571",2020-08-06,6037
"572",2020-08-03,6029
"573",2020-08-04,6029
"574",2020-08-05,6029
"575",2020-08-06,6029
"576",2020-08-07,6029
"577",2020-08-08,6029
"578",2020-08-09,6029
"579",2020-08-10,6029
"580",2020-08-11,6029
"581",2020-08-12,6029
"582",2020-08-13,6029
"583",2020-08-14,6029
"584",2020-08-15,6029
"585",2020-08-16,6029
"586",2020-08-17,6029
"587",2020-08-18,6029
"588",2020-08-04,6079
"589",2020-08-05,6079
"590",2020-08-06,6029
"591",2020-08-07,6029
"592",2020-08-10,6045
"593",2020-08-11,6045
"594",2020-08-12,6045
"595",2020-08-10,6061
"596",2020-08-11,6061
"597",2020-08-11,6035
"598",2020-08-12,6035
"599",2020-08-12,6029
"600",2020-08-12,6037
"601",2020-08-13,6037
"602",2020-08-14,6037
"603",2020-08-15,6037
"604",2020-08-16,6037
"605",2020-08-17,6037
"606",2020-08-18,6037
"607",2020-08-19,6037
"608",2020-08-20,6037
"609",2020-08-21,6037
"610",2020-08-22,6037
"611",2020-08-23,6037
"612",2020-08-24,6037
"613",2020-08-25,6037
"614",2020-08-26,6037
"615",2020-08-27,6037
"616",2020-08-28,6037
"617",2020-08-29,6037
"618",2020-08-30,6037
"619",2020-08-31,6037
"620",2020-09-01,6037
"621",2020-09-02,6037
"622",2020-09-03,6037
"623",2020-09-04,6037
"624",2020-09-05,6037
"625",2020-09-06,6037
"626",2020-09-07,6037
"627",2020-09-08,6037
"628",2020-09-09,6037
"629",2020-09-10,6037
"630",2020-09-11,6037
"631",2020-09-12,6037
"632",2020-09-13,6037
"633",2020-09-14,6037
"634",2020-09-15,6037
"635",2020-09-16,6037
"636",2020-09-17,6037
"637",2020-09-18,6037
"638",2020-09-19,6037
"639",2020-09-20,6037
"640",2020-09-21,6037
"641",2020-09-22,6037
"642",2020-09-23,6037
"643",2020-09-24,6037
"644",2020-09-25,6037
"645",2020-09-26,6037
"646",2020-09-27,6037
"647",2020-09-28,6037
"648",2020-08-12,6079
"649",2020-08-13,6067
"650",2020-08-14,6067
"651",2020-08-14,6007
"652",2020-08-14,6091
"653",2020-08-15,6091
"654",2020-08-16,6091
"655",2020-08-17,6091
"656",2020-08-18,6091
"657",2020-08-19,6091
"658",2020-08-20,6091
"659",2020-08-21,6091
"660",2020-08-22,6091
"661",2020-08-23,6091
"662",2020-08-24,6091
"663",2020-08-25,6091
"664",2020-08-26,6091
"665",2020-08-15,6079
"666",2020-08-16,6079
"667",2020-08-17,6079
"668",2020-08-18,6079
"669",2020-08-19,6079
"670",2020-08-16,6079
"671",2020-08-17,6079
"672",2020-08-16,6021
"673",2020-08-17,6021
"674",2020-08-17,6057
"675",2020-08-18,6057
"676",2020-08-19,6057
"677",2020-08-20,6057
"678",2020-08-21,6057
"679",2020-08-22,6057
"680",2020-08-23,6057
"681",2020-08-24,6057
"682",2020-08-25,6057
"683",2020-08-26,6057
"684",2020-08-27,6057
"685",2020-08-28,6057
"686",2020-08-17,6051
"687",2020-08-18,6051
"688",2020-08-19,6051
"689",2020-08-20,6051
"690",2020-08-21,6051
"691",2020-08-22,6051
"692",2020-08-23,6051
"693",2020-08-24,6051
"694",2020-08-25,6051
"695",2020-08-26,6051
"696",2020-08-27,6051
"697",2020-08-28,6051
"698",2020-08-17,6021
"699",2020-08-18,6021
"700",2020-08-19,6021
"701",2020-08-17,6017
"702",2020-08-18,6017
"703",2020-08-19,6017
"704",2020-08-16,6087
"705",2020-08-17,6087
"706",2020-08-18,6087
"707",2020-08-19,6087
"708",2020-08-20,6087
"709",2020-08-21,6087
"710",2020-08-22,6087
"711",2020-08-23,6087
"712",2020-08-24,6087
"713",2020-08-25,6087
"714",2020-08-26,6087
"715",2020-08-27,6087
"716",2020-08-28,6087
"717",2020-08-29,6087
"718",2020-08-30,6087
"719",2020-08-31,6087
"720",2020-09-01,6087
"721",2020-09-02,6087
"722",2020-09-03,6087
"723",2020-09-04,6087
"724",2020-09-05,6087
"725",2020-09-06,6087
"726",2020-09-07,6087
"727",2020-09-08,6087
"728",2020-09-09,6087
"729",2020-09-10,6087
"730",2020-09-11,6087
"731",2020-09-12,6087
"732",2020-09-13,6087
"733",2020-09-14,6087
"734",2020-09-15,6087
"735",2020-09-16,6087
"736",2020-09-17,6087
"737",2020-09-18,6087
"738",2020-09-19,6087
"739",2020-09-20,6087
"740",2020-09-21,6087
"741",2020-09-22,6087
"742",2020-08-18,6099
"743",2020-08-19,6099
"744",2020-08-20,6099
"745",2020-08-21,6099
"746",2020-08-22,6099
"747",2020-08-23,6099
"748",2020-08-24,6099
"749",2020-08-25,6099
"750",2020-08-26,6099
"751",2020-08-27,6099
"752",2020-08-28,6099
"753",2020-08-29,6099
"754",2020-08-30,6099
"755",2020-08-31,6099
"756",2020-09-01,6099
"757",2020-09-02,6099
"758",2020-09-03,6099
"759",2020-09-04,6099
"760",2020-09-05,6099
"761",2020-09-06,6099
"762",2020-09-07,6099
"763",2020-09-08,6099
"764",2020-09-09,6099
"765",2020-09-10,6099
"766",2020-09-11,6099
"767",2020-09-12,6099
"768",2020-09-13,6099
"769",2020-09-14,6099
"770",2020-09-15,6099
"771",2020-09-16,6099
"772",2020-09-17,6099
"773",2020-09-18,6099
"774",2020-09-19,6099
"775",2020-09-20,6099
"776",2020-09-21,6099
"777",2020-09-22,6099
"778",2020-09-23,6099
"779",2020-09-24,6099
"780",2020-09-25,6099
"781",2020-09-26,6099
"782",2020-09-27,6099
"783",2020-09-28,6099
"784",2020-09-29,6099
"785",2020-09-30,6099
"786",2020-10-01,6099
"787",2020-08-18,6045
"788",2020-08-19,6045
"789",2020-08-20,6045
"790",2020-08-21,6045
"791",2020-08-18,6045
"792",2020-08-19,6045
"793",2020-08-20,6045
"794",2020-08-21,6045
"795",2020-08-17,6055
"796",2020-08-18,6055
"797",2020-08-19,6055
"798",2020-08-20,6055
"799",2020-08-21,6055
"800",2020-08-22,6055
"801",2020-08-23,6055
"802",2020-08-24,6055
"803",2020-08-25,6055
"804",2020-08-26,6055
"805",2020-08-27,6055
"806",2020-08-28,6055
"807",2020-08-29,6055
"808",2020-08-30,6055
"809",2020-08-31,6055
"810",2020-09-01,6055
"811",2020-09-02,6055
"812",2020-09-03,6055
"813",2020-09-04,6055
"814",2020-09-05,6055
"815",2020-09-06,6055
"816",2020-09-07,6055
"817",2020-09-08,6055
"818",2020-09-09,6055
"819",2020-09-10,6055
"820",2020-09-11,6055
"821",2020-09-12,6055
"822",2020-09-13,6055
"823",2020-09-14,6055
"824",2020-09-15,6055
"825",2020-09-16,6055
"826",2020-09-17,6055
"827",2020-09-18,6055
"828",2020-09-19,6055
"829",2020-09-20,6055
"830",2020-09-21,6055
"831",2020-09-22,6055
"832",2020-09-23,6055
"833",2020-09-24,6055
"834",2020-09-25,6055
"835",2020-09-26,6055
"836",2020-09-27,6055
"837",2020-09-28,6055
"838",2020-09-29,6055
"839",2020-09-30,6055
"840",2020-10-01,6055
"841",2020-10-02,6055
"842",2020-08-19,6103
"843",2020-08-20,6103
"844",2020-08-21,6103
"845",2020-08-22,6103
"846",2020-08-23,6103
"847",2020-08-24,6103
"848",2020-08-25,6103
"849",2020-08-26,6103
"850",2020-08-27,6103
"851",2020-08-28,6103
"852",2020-08-29,6103
"853",2020-08-30,6103
"854",2020-08-31,6103
"855",2020-09-01,6103
"856",2020-09-02,6103
"857",2020-09-03,6103
"858",2020-09-04,6103
"859",2020-09-05,6103
"860",2020-09-06,6103
"861",2020-09-07,6103
"862",2020-09-08,6103
"863",2020-09-09,6103
"864",2020-09-10,6103
"865",2020-09-11,6103
"866",2020-09-12,6103
"867",2020-09-13,6103
"868",2020-09-14,6103
"869",2020-09-15,6103
"870",2020-09-16,6103
"871",2020-09-17,6103
"872",2020-09-18,6103
"873",2020-09-19,6103
"874",2020-09-20,6103
"875",2020-09-21,6103
"876",2020-09-22,6103
"877",2020-09-23,6103
"878",2020-09-24,6103
"879",2020-09-25,6103
"880",2020-09-26,6103
"881",2020-09-27,6103
"882",2020-09-28,6103
"883",2020-09-29,6103
"884",2020-09-30,6103
"885",2020-10-01,6103
"886",2020-10-02,6103
"887",2020-10-03,6103
"888",2020-10-04,6103
"889",2020-10-05,6103
"890",2020-10-06,6103
"891",2020-10-07,6103
"892",2020-10-08,6103
"893",2020-10-09,6103
"894",2020-08-19,6009
"895",2020-08-20,6109
"896",2020-08-21,6109
"897",2020-08-22,6109
"898",2020-08-23,6109
"899",2020-08-24,6109
"900",2020-08-25,6109
"901",2020-08-26,6109
"902",2020-08-27,6109
"903",2020-08-28,6109
"904",2020-08-29,6109
"905",2020-08-30,6109
"906",2020-08-20,6073
"907",2020-08-21,6073
"908",2020-08-22,6073
"909",2020-08-21,6085
"910",2020-08-22,6085
"911",2020-08-23,6085
"912",2020-08-24,6085
"913",2020-08-25,6085
"914",2020-08-26,6085
"915",2020-08-22,6063
"916",2020-08-23,6063
"917",2020-08-24,6063
"918",2020-08-25,6063
"919",2020-08-26,6063
"920",2020-08-27,6063
"921",2020-08-28,6063
"922",2020-08-29,6063
"923",2020-08-30,6063
"924",2020-08-31,6063
"925",2020-09-01,6063
"926",2020-09-02,6063
"927",2020-09-03,6063
"928",2020-09-04,6063
"929",2020-09-05,6063
"930",2020-09-06,6063
"931",2020-09-07,6063
"932",2020-09-08,6063
"933",2020-09-09,6063
"934",2020-08-23,6035
"935",2020-08-24,6035
"936",2020-08-25,6035
"937",2020-08-26,6035
"938",2020-08-27,6035
"939",2020-08-28,6035
"940",2020-08-29,6035
"941",2020-08-30,6035
"942",2020-08-31,6035
"943",2020-09-01,6035
"944",2020-09-02,6035
"945",2020-09-03,6035
"946",2020-09-04,6035
"947",2020-09-05,6035
"948",2020-09-06,6035
"949",2020-09-07,6035
"950",2020-09-08,6035
"951",2020-09-09,6035
"952",2020-09-10,6035
"953",2020-09-11,6035
"954",2020-09-12,6035
"955",2020-09-13,6035
"956",2020-09-14,6035
"957",2020-09-15,6035
"958",2020-09-16,6035
"959",2020-08-18,6041
"960",2020-08-19,6041
"961",2020-08-20,6041
"962",2020-08-21,6041
"963",2020-08-22,6041
"964",2020-08-23,6041
"965",2020-08-24,6041
"966",2020-08-25,6041
"967",2020-08-26,6041
"968",2020-08-27,6041
"969",2020-08-28,6041
"970",2020-08-29,6041
"971",2020-08-30,6041
"972",2020-08-31,6041
"973",2020-09-01,6041
"974",2020-09-02,6041
"975",2020-09-03,6041
"976",2020-09-04,6041
"977",2020-09-05,6041
"978",2020-09-06,6041
"979",2020-09-07,6041
"980",2020-09-08,6041
"981",2020-09-09,6041
"982",2020-09-10,6041
"983",2020-09-11,6041
"984",2020-09-12,6041
"985",2020-09-13,6041
"986",2020-09-14,6041
"987",2020-09-15,6041
"988",2020-09-16,6041
"989",2020-09-17,6041
"990",2020-09-18,6041
"991",2020-09-19,6041
"992",2020-09-20,6041
"993",2020-09-21,6041
"994",2020-09-22,6041
"995",2020-09-23,6041
"996",2020-09-24,6041
"997",2020-09-25,6041
"998",2020-09-26,6041
"999",2020-09-27,6041
"1000",2020-09-28,6041
"1001",2020-09-29,6041
"1002",2020-09-30,6041
"1003",2020-10-01,6041
"1004",2020-10-02,6041
"1005",2020-08-28,6037
"1006",2020-08-29,6037
"1007",2020-08-30,6037
"1008",2020-08-30,6039
"1009",2020-09-01,6105
"1010",2020-09-02,6105
"1011",2020-09-03,6105
"1012",2020-09-04,6105
"1013",2020-09-05,6105
"1014",2020-09-06,6105
"1015",2020-09-07,6105
"1016",2020-09-08,6105
"1017",2020-09-09,6105
"1018",2020-09-10,6105
"1019",2020-09-01,6033
"1020",2020-09-02,6033
"1021",2020-09-05,6073
"1022",2020-09-06,6073
"1023",2020-09-07,6073
"1024",2020-09-08,6073
"1025",2020-09-09,6073
"1026",2020-09-10,6073
"1027",2020-09-11,6073
"1028",2020-09-12,6073
"1029",2020-09-13,6073
"1030",2020-09-14,6073
"1031",2020-09-15,6073
"1032",2020-09-16,6073
"1033",2020-09-17,6073
"1034",2020-09-18,6073
"1035",2020-09-19,6073
"1036",2020-09-20,6073
"1037",2020-09-21,6073
"1038",2020-09-22,6073
"1039",2020-09-23,6073
"1040",2020-09-24,6073
"1041",2020-09-07,6045
"1042",2020-09-08,6045
"1043",2020-09-09,6045
"1044",2020-09-10,6045
"1045",2020-09-11,6045
"1046",2020-09-12,6045
"1047",2020-09-13,6045
"1048",2020-09-14,6045
"1049",2020-09-09,6115
"1050",2020-09-10,6115
"1051",2020-09-11,6115
"1052",2020-09-12,6115
"1053",2020-09-13,6115
"1054",2020-09-14,6115
"1055",2020-09-08,6099
"1056",2020-09-09,6099
"1057",2020-09-09,6093
"1058",2020-09-10,6093
"1059",2020-09-11,6093
"1060",2020-09-12,6093
"1061",2020-09-13,6093
"1062",2020-09-14,6093
"1063",2020-09-15,6093
"1064",2020-09-16,6093
"1065",2020-09-17,6093
"1066",2020-09-11,6093
"1067",2020-09-12,6093
"1068",2020-09-13,6093
"1069",2020-09-14,6093
"1070",2020-09-15,6093
"1071",2020-09-16,6093
"1072",2020-09-17,6093
"1073",2020-09-18,6093
"1074",2020-09-19,6093
"1075",2020-09-20,6093
"1076",2020-09-21,6093
"1077",2020-09-16,6093
"1078",2020-09-17,6093
"1079",2020-09-18,6093
"1080",2020-09-19,6093
"1081",2020-09-20,6093
"1082",2020-09-21,6093
"1083",2020-09-22,6093
"1084",2020-09-23,6093
"1085",2020-09-24,6093
"1086",2020-09-25,6093
"1087",2020-09-26,6093
"1088",2020-09-27,6093
"1089",2020-09-28,6093
"1090",2020-09-29,6093
"1091",2020-09-30,6093
"1092",2020-09-16,6083
"1093",2020-09-17,6083
"1094",2020-09-18,6083
